{"type": "FeatureCollection", "crs": "EPSG:3346", "features": [{"type": "Feature", "properties": {"id": "smc-0-0", "kind": "plot", "zone": "smc", "storeys": 2, "source": "1842 plan of Vilnius (Polona, public domain), traced; plots split at ~13 m frontage (conjecture)", "grade": "B-block/C-plot"}, "geometry": {"type": "Polygon", "coordinates": [[[582828.2196645071, 6060858.880894648], [582825.5907324111, 6060865.916775164], [582826.5041499794, 6060867.535570714], [582827.0975654493, 6060869.890261797], [582836.1591926831, 6060866.5659839315], [582828.2196645071, 6060858.880894648]]]}}, {"type": "Feature", "properties": {"id": "smc-0-1", "kind": "plot", "zone": "smc", "storeys": 2, "source": "1842 plan of Vilnius (Polona, public domain), traced; plots split at ~13 m frontage (conjecture)", "grade": "B-block/C-plot"}, "geometry": {"type": "Polygon", "coordinates": [[[582836.9102292674, 6060887.384523777], [582834.0205666813, 6060880.288776103], [582833.741414052, 6060878.2433039835], [582832.2501200092, 6060875.760226686], [582832.5444574044, 6060874.671902383], [582835.9793275126, 6060873.25439204], [582837.2331440427, 6060871.516270287], [582837.2413880673, 6060869.774785778], [582836.342363811, 6060868.791308202], [582836.2544955275, 6060867.883466785], [582836.6708207397, 6060867.2618553955], [582837.8462305763, 6060867.072641047], [582836.1591926831, 6060866.5659839315], [582827.0975654493, 6060869.890261797], [582827.5051523364, 6060871.507540136], [582829.7668245636, 6060875.54082818], [582833.4830945987, 6060884.459427037], [582834.6404594656, 6060888.301531551], [582836.9102292674, 6060887.384523777]]]}}, {"type": "Feature", "properties": {"id": "smc-0-2", "kind": "plot", "zone": "smc", "storeys": 3, "source": "1842 plan of Vilnius (Polona, public domain), traced; plots split at ~13 m frontage (conjecture)", "grade": "B-block/C-plot"}, "geometry": {"type": "Polygon", "coordinates": [[[582837.8462305763, 6060867.072641047], [582838.502037288, 6060867.292080413], [582839.0186878543, 6060868.51027145], [582840.2643490721, 6060869.481998889], [582844.5123284936, 6060868.6475343015], [582839.2176102756, 6060854.602687172], [582828.3483460719, 6060858.579155125], [582828.2196645071, 6060858.880894648], [582836.1591926831, 6060866.5659839315], [582837.8462305763, 6060867.072641047]]]}}, {"type": "Feature", "properties": {"id": "smc-0-3", "kind": "plot", "zone": "smc", "storeys": 2, "source": "1842 plan of Vilnius (Polona, public domain), traced; plots split at ~13 m frontage (conjecture)", "grade": "B-block/C-plot"}, "geometry": {"type": "Polygon", "coordinates": [[[582844.5123284936, 6060868.6475343015], [582845.9921240269, 6060867.969911409], [582849.7479893012, 6060853.363768677], [582844.9179994364, 6060852.126322417], [582839.2176102756, 6060854.602687172], [582844.5123284936, 6060868.6475343015]]]}}, {"type": "Feature", "properties": {"id": "smc-0-4", "kind": "plot", "zone": "smc", "storeys": 3, "source": "1842 plan of Vilnius (Polona, public domain), traced; plots split at ~13 m frontage (conjecture)", "grade": "B-block/C-plot"}, "geometry": {"type": "Polygon", "coordinates": [[[582863.444207358, 6060897.1019638], [582857.758024678, 6060893.256661452], [582855.2618467296, 6060892.518098502], [582846.7102300718, 6060897.768371638], [582843.0849052212, 6060899.4554519085], [582842.0166392733, 6060899.464119046], [582838.5040107062, 6060892.75275449], [582836.9102292674, 6060887.384523777], [582834.6404594656, 6060888.301531551], [582835.7547642364, 6060892.008210798], [582838.9989118248, 6060898.25493332], [582842.2418218792, 6060908.22196572], [582842.9641538643, 6060908.964153864], [582863.444207358, 6060897.1019638]]]}}, {"type": "Feature", "properties": {"id": "smc-0-5", "kind": "plot", "zone": "smc", "storeys": 2, "source": "1842 plan of Vilnius (Polona, public domain), traced; plots split at ~13 m frontage (conjecture)", "grade": "B-block/C-plot"}, "geometry": {"type": "Polygon", "coordinates": [[[582856.1434574218, 6060881.417012529], [582855.5552879499, 6060881.300261772], [582858.1390895616, 6060883.673894595], [582858.5128030316, 6060885.980868397], [582860.0088919618, 6060887.054413988], [582861.664504959, 6060890.329009918], [582861.8360006161, 6060893.237772922], [582863.7819057513, 6060893.47147854], [582868.5874503327, 6060889.87191225], [582856.1434574218, 6060881.417012529]]]}}, {"type": "Feature", "properties": {"id": "smc-0-6", "kind": "plot", "zone": "smc", "storeys": 2, "source": "1842 plan of Vilnius (Polona, public domain), traced; plots split at ~13 m frontage (conjecture)", "grade": "B-block/C-plot"}, "geometry": {"type": "Polygon", "coordinates": [[[582845.9921240269, 6060867.969911409], [582847.0214070531, 6060867.192914526], [582847.74679071, 6060865.249418044], [582847.7832547658, 6060862.853905695], [582848.4480266531, 6060862.058847285], [582858.6094650876, 6060858.013216219], [582860.9269243927, 6060858.219205688], [582861.4953336538, 6060858.901989619], [582861.3114238792, 6060859.723923799], [582860.231578792, 6060860.272017217], [582858.2565144895, 6060862.493827226], [582857.2534296584, 6060864.51033405], [582857.2976192763, 6060866.005931285], [582859.7795430344, 6060867.276679594], [582862.5130890427, 6060856.646222897], [582849.7479893012, 6060853.363768677], [582845.9921240269, 6060867.969911409]]]}}, {"type": "Feature", "properties": {"id": "smc-0-7", "kind": "plot", "zone": "smc", "storeys": 2, "source": "1842 plan of Vilnius (Polona, public domain), traced; plots split at ~13 m frontage (conjecture)", "grade": "B-block/C-plot"}, "geometry": {"type": "Polygon", "coordinates": [[[582856.1434574218, 6060881.417012529], [582859.2078320727, 6060869.5], [582857.2747857772, 6060869.508611933], [582856.1441795846, 6060870.530972789], [582853.2608882955, 6060871.499985745], [582851.5136400745, 6060873.731799308], [582851.7742021652, 6060875.537109986], [582855.495873228, 6060881.242349645], [582856.1434574218, 6060881.417012529]]]}}, {"type": "Feature", "properties": {"id": "smc-0-8", "kind": "plot", "zone": "smc", "storeys": 2, "source": "1842 plan of Vilnius (Polona, public domain), traced; plots split at ~13 m frontage (conjecture)", "grade": "B-block/C-plot"}, "geometry": {"type": "Polygon", "coordinates": [[[582883.3213330779, 6060970.672200256], [582880.372497752, 6060972.672012053], [582878.8293867448, 6060972.734251229], [582874.6507145789, 6060970.081539172], [582874.1459692451, 6060968.5838769805], [582871.850341551, 6060968.376601131], [582878.0573901259, 6060979.159548084], [582885.2339508905, 6060977.061266693], [582883.3213330779, 6060970.672200256]]]}}, {"type": "Feature", "properties": {"id": "smc-0-9", "kind": "plot", "zone": "smc", "storeys": 3, "source": "1842 plan of Vilnius (Polona, public domain), traced; plots split at ~13 m frontage (conjecture)", "grade": "B-block/C-plot"}, "geometry": {"type": "Polygon", "coordinates": [[[582860.9881072595, 6060912.003188227], [582858.3712251631, 6060908.906355648], [582858.3469870912, 6060907.918671399], [582858.8987843283, 6060907.514651368], [582861.2614366348, 6060907.476384252], [582863.5040803715, 6060905.264041036], [582865.7164819326, 6060904.260206014], [582866.9954669526, 6060901.499018101], [582866.9927429857, 6060900.252010077], [582866.2605735868, 6060899.019925569], [582863.444207358, 6060897.1019638], [582842.9641538643, 6060908.964153864], [582845.2626485968, 6060911.283929924], [582847.4956746123, 6060915.490748712], [582850.1604817449, 6060918.730584975], [582860.9881072595, 6060912.003188227]]]}}, {"type": "Feature", "properties": {"id": "smc-0-10", "kind": "plot", "zone": "smc", "storeys": 2, "source": "1842 plan of Vilnius (Polona, public domain), traced; plots split at ~13 m frontage (conjecture)", "grade": "B-block/C-plot"}, "geometry": {"type": "Polygon", "coordinates": [[[582876.3497852241, 6060867.7168721], [582880.2544282937, 6060869.920021047], [582880.5307807841, 6060870.766828861], [582880.0796023831, 6060871.8235435905], [582876.5069502133, 6060873.74662557], [582874.3578758944, 6060875.463186159], [582871.1170272692, 6060888.066486366], [582875.2627890884, 6060885.982994081], [582876.4909966851, 6060884.496310297], [582876.7005054364, 6060882.15012501], [582877.109932147, 6060881.594220826], [582878.0413081918, 6060881.5923638055], [582879.3443054702, 6060882.740569453], [582881.7485223407, 6060882.495475905], [582884.409276118, 6060880.935719931], [582890.8811761962, 6060864.480522755], [582887.9838338868, 6060863.195843], [582878.1617929642, 6060860.6701753335], [582876.3497852241, 6060867.7168721]]]}}, {"type": "Feature", "properties": {"id": "smc-0-11", "kind": "plot", "zone": "smc", "storeys": 2, "source": "1842 plan of Vilnius (Polona, public domain), traced; plots split at ~13 m frontage (conjecture)", "grade": "B-block/C-plot"}, "geometry": {"type": "Polygon", "coordinates": [[[582859.7795430344, 6060867.276679594], [582863.5701562121, 6060870.25], [582866.0231985326, 6060870.223428832], [582870.8951751854, 6060866.016520776], [582872.482771691, 6060866.036842321], [582874.2516700089, 6060867.246254949], [582876.3497852241, 6060867.7168721], [582878.1617929642, 6060860.6701753335], [582862.5130890427, 6060856.646222897], [582859.7795430344, 6060867.276679594]]]}}, {"type": "Feature", "properties": {"id": "smc-0-12", "kind": "plot", "zone": "smc", "storeys": 2, "source": "1842 plan of Vilnius (Polona, public domain), traced; plots split at ~13 m frontage (conjecture)", "grade": "B-block/C-plot"}, "geometry": {"type": "Polygon", "coordinates": [[[582856.1434574218, 6060881.417012529], [582868.5874503327, 6060889.87191225], [582871.1170272692, 6060888.066486366], [582874.3578758944, 6060875.463186159], [582873.3312814531, 6060876.678003509], [582870.5428512328, 6060876.507353953], [582868.9497191524, 6060877.713110692], [582866.8307642827, 6060877.687650988], [582862.243468654, 6060871.994541664], [582859.2078320727, 6060869.5], [582856.1434574218, 6060881.417012529]]]}}, {"type": "Feature", "properties": {"id": "smc-0-13", "kind": "plot", "zone": "smc", "storeys": 2, "source": "1842 plan of Vilnius (Polona, public domain), traced; plots split at ~13 m frontage (conjecture)", "grade": "B-block/C-plot"}, "geometry": {"type": "Polygon", "coordinates": [[[582877.0495898311, 6060916.2062018085], [582874.0322768934, 6060912.791929626], [582872.5141748092, 6060912.759152514], [582870.7435375025, 6060914.308552714], [582870.5089338757, 6060916.208147444], [582871.218315353, 6060917.294462535], [582871.1175476222, 6060918.214632071], [582870.4541630957, 6060918.573919901], [582869.0602088647, 6060918.3081376655], [582867.4966066619, 6060915.752687575], [582866.0404521947, 6060914.533710162], [582862.752280132, 6060913.914826283], [582860.9881072595, 6060912.003188227], [582850.1604817449, 6060918.730584975], [582851.0404201053, 6060919.834364847], [582854.2469088755, 6060926.4919345975], [582857.0391090098, 6060929.871330115], [582877.0495898311, 6060916.2062018085]]]}}, {"type": "Feature", "properties": {"id": "smc-0-14", "kind": "plot", "zone": "smc", "storeys": 3, "source": "1842 plan of Vilnius (Polona, public domain), traced; plots split at ~13 m frontage (conjecture)", "grade": "B-block/C-plot"}, "geometry": {"type": "Polygon", "coordinates": [[[582875.3147447488, 6060933.097117123], [582874.7645995468, 6060932.158730016], [582875.0428973425, 6060931.275362238], [582876.9985007594, 6060931.241593875], [582877.9902121072, 6060930.754276979], [582882.9990095652, 6060926.673754491], [582882.9714985852, 6060922.702497642], [582881.49316641, 6060920.243093457], [582879.2753381699, 6060917.778153522], [582877.0495898311, 6060916.2062018085], [582857.0391090098, 6060929.871330115], [582857.5097324124, 6060931.254882143], [582859.248948732, 6060933.008352952], [582861.9958369212, 6060937.492496821], [582864.58294249, 6060940.451934274], [582875.3147447488, 6060933.097117123]]]}}, {"type": "Feature", "properties": {"id": "smc-0-15", "kind": "plot", "zone": "smc", "storeys": 2, "source": "1842 plan of Vilnius (Polona, public domain), traced; plots split at ~13 m frontage (conjecture)", "grade": "B-block/C-plot"}, "geometry": {"type": "Polygon", "coordinates": [[[582884.409276118, 6060880.935719931], [582886.0344344209, 6060879.9958593445], [582887.9962898559, 6060879.493447176], [582889.513543051, 6060878.0113544995], [582892.0064097841, 6060876.99449185], [582894.7605445094, 6060875.059761316], [582898.6549649966, 6060875.492569993], [582899.9349415808, 6060876.240588488], [582902.8060974595, 6060869.78048776], [582890.8811761962, 6060864.480522755], [582884.409276118, 6060880.935719931]]]}}, {"type": "Feature", "properties": {"id": "smc-0-16", "kind": "plot", "zone": "smc", "storeys": 2, "source": "1842 plan of Vilnius (Polona, public domain), traced; plots split at ~13 m frontage (conjecture)", "grade": "B-block/C-plot"}, "geometry": {"type": "Polygon", "coordinates": [[[582891.2735723188, 6060938.828728192], [582892.2854892929, 6060936.377021212], [582889.6693979083, 6060934.015539054], [582886.9770047818, 6060934.5190576], [582882.5480133343, 6060937.967816556], [582882.2111524952, 6060939.565111191], [582881.0691924393, 6060939.696975524], [582875.3147447488, 6060933.097117123], [582864.58294249, 6060940.451934274], [582865.5425701123, 6060941.576626202], [582870.490436085, 6060950.480514728], [582871.5993635858, 6060951.411465827], [582891.2735723188, 6060938.828728192]]]}}, {"type": "Feature", "properties": {"id": "smc-0-17", "kind": "plot", "zone": "smc", "storeys": 2, "source": "1842 plan of Vilnius (Polona, public domain), traced; plots split at ~13 m frontage (conjecture)", "grade": "B-block/C-plot"}, "geometry": {"type": "Polygon", "coordinates": [[[582888.851019679, 6060948.0663136905], [582875.8906157503, 6060958.202291922], [582877.5465118418, 6060960.11964529], [582887.531891528, 6060951.496302956], [582888.851019679, 6060948.0663136905]]]}}, {"type": "Feature", "properties": {"id": "smc-0-18", "kind": "plot", "zone": "smc", "storeys": 3, "source": "1842 plan of Vilnius (Polona, public domain), traced; plots split at ~13 m frontage (conjecture)", "grade": "B-block/C-plot"}, "geometry": {"type": "Polygon", "coordinates": [[[582887.531891528, 6060951.496302956], [582885.3937579574, 6060959.601539148], [582888.0389184342, 6060965.241338219], [582896.9425053507, 6060962.322129393], [582890.8259890815, 6060944.095927508], [582887.531891528, 6060951.496302956]]]}}, {"type": "Feature", "properties": {"id": "smc-0-19", "kind": "plot", "zone": "smc", "storeys": 3, "source": "1842 plan of Vilnius (Polona, public domain), traced; plots split at ~13 m frontage (conjecture)", "grade": "B-block/C-plot"}, "geometry": {"type": "Polygon", "coordinates": [[[582871.5993635858, 6060951.411465827], [582875.8906157503, 6060958.202291922], [582888.851019679, 6060948.0663136905], [582890.8259890815, 6060944.095927508], [582891.2735723188, 6060938.828728192], [582871.5993635858, 6060951.411465827]]]}}, {"type": "Feature", "properties": {"id": "smc-0-20", "kind": "plot", "zone": "smc", "storeys": 2, "source": "1842 plan of Vilnius (Polona, public domain), traced; plots split at ~13 m frontage (conjecture)", "grade": "B-block/C-plot"}, "geometry": {"type": "Polygon", "coordinates": [[[582890.8259890815, 6060944.095927508], [582896.9425053507, 6060962.322129393], [582902.4823312486, 6060960.505395006], [582906.7465189241, 6060958.506483702], [582909.1077999487, 6060957.964136375], [582896.5415419821, 6060926.065311506], [582895.8568850987, 6060927.72412157], [582898.5, 6060931.754722614], [582898.4628792367, 6060933.355591026], [582897.2473842752, 6060934.5333293], [582896.7606870161, 6060937.017949736], [582898.715994613, 6060941.536189847], [582898.1425241479, 6060942.082433115], [582896.8783046838, 6060942.023937258], [582893.7553038262, 6060937.758126038], [582892.2854892929, 6060936.377021212], [582891.2735723188, 6060938.828728192], [582890.8259890815, 6060944.095927508]]]}}, {"type": "Feature", "properties": {"id": "smc-0-21", "kind": "plot", "zone": "smc", "storeys": 2, "source": "1842 plan of Vilnius (Polona, public domain), traced; plots split at ~13 m frontage (conjecture)", "grade": "B-block/C-plot"}, "geometry": {"type": "Polygon", "coordinates": [[[582899.9349415808, 6060876.240588488], [582904.7174858389, 6060877.989826005], [582906.3295647483, 6060879.374689213], [582906.4965410011, 6060880.245339366], [582903.5726524666, 6060883.653573753], [582902.2276266961, 6060884.283587627], [582900.5289368121, 6060886.724313564], [582901.2505186902, 6060889.238188005], [582902.6907576639, 6060890.779846831], [582902.6528104602, 6060892.453553581], [582900.4830467049, 6060894.018947801], [582896.2607538437, 6060898.738397232], [582895.259624262, 6060900.491817877], [582895.2954908529, 6060902.269955073], [582897.8056797669, 6060903.56670393], [582914.7440409074, 6060875.086240403], [582902.8060974595, 6060869.78048776], [582899.9349415808, 6060876.240588488]]]}}, {"type": "Feature", "properties": {"id": "smc-0-22", "kind": "plot", "zone": "smc", "storeys": 3, "source": "1842 plan of Vilnius (Polona, public domain), traced; plots split at ~13 m frontage (conjecture)", "grade": "B-block/C-plot"}, "geometry": {"type": "Polygon", "coordinates": [[[582877.5465118418, 6060960.11964529], [582880.071171516, 6060963.042935439], [582885.3937579574, 6060959.601539148], [582887.531891528, 6060951.496302956], [582877.5465118418, 6060960.11964529]]]}}, {"type": "Feature", "properties": {"id": "smc-0-23", "kind": "plot", "zone": "smc", "storeys": 3, "source": "1842 plan of Vilnius (Polona, public domain), traced; plots split at ~13 m frontage (conjecture)", "grade": "B-block/C-plot"}, "geometry": {"type": "Polygon", "coordinates": [[[582883.5, 6060969.278350398], [582883.3382612491, 6060970.649375259], [582885.2339508905, 6060977.061266693], [582888.6761213781, 6060976.027532121], [582888.7491407396, 6060972.778694258], [582888.013075689, 6060971.204071279], [582888.0, 6060968.426792097], [582883.5, 6060969.278350398]]]}}, {"type": "Feature", "properties": {"id": "smc-0-24", "kind": "plot", "zone": "smc", "storeys": 3, "source": "1842 plan of Vilnius (Polona, public domain), traced; plots split at ~13 m frontage (conjecture)", "grade": "B-block/C-plot"}, "geometry": {"type": "Polygon", "coordinates": [[[582888.0, 6060968.426792097], [582887.25, 6060966.08201836], [582888.0389184342, 6060965.241338219], [582885.3937579574, 6060959.601539148], [582880.071171516, 6060963.042935439], [582881.7315470927, 6060966.697098604], [582883.4005845651, 6060967.467681264], [582883.5, 6060969.278350398], [582888.0, 6060968.426792097]]]}}, {"type": "Feature", "properties": {"id": "smc-0-25", "kind": "plot", "zone": "smc", "storeys": 3, "source": "1842 plan of Vilnius (Polona, public domain), traced; plots split at ~13 m frontage (conjecture)", "grade": "B-block/C-plot"}, "geometry": {"type": "Polygon", "coordinates": [[[582900.0517514327, 6060911.564689291], [582897.7245830299, 6060911.2717177775], [582893.2385421088, 6060914.31220009], [582892.7843294363, 6060916.748226914], [582894.2810273757, 6060918.079180306], [582896.2442653619, 6060922.3356132945], [582896.1870044464, 6060923.729214238], [582895.0086119327, 6060925.024785778], [582895.0092524223, 6060926.49708343], [582895.8568850987, 6060927.72412157], [582896.5415419821, 6060926.065311506], [582909.1077999487, 6060957.964136375], [582912.2180189625, 6060957.257268418], [582916.7266911832, 6060954.517973999], [582921.1084140065, 6060953.018085054], [582904.9960943137, 6060917.680746567], [582900.0517514327, 6060911.564689291]]]}}, {"type": "Feature", "properties": {"id": "smc-0-26", "kind": "plot", "zone": "smc", "storeys": 2, "source": "1842 plan of Vilnius (Polona, public domain), traced; plots split at ~13 m frontage (conjecture)", "grade": "B-block/C-plot"}, "geometry": {"type": "Polygon", "coordinates": [[[582897.8056797669, 6060903.56670393], [582901.7431095159, 6060904.75247968], [582904.0112778385, 6060906.000842326], [582906.7785446751, 6060906.519019378], [582910.0772534503, 6060908.163626725], [582925.217617634, 6060882.059753312], [582921.2571777127, 6060879.50508059], [582916.8564986261, 6060877.634363816], [582916.5, 6060876.96637751], [582916.8334840079, 6060876.040623583], [582914.7440409074, 6060875.086240403], [582897.8056797669, 6060903.56670393]]]}}, {"type": "Feature", "properties": {"id": "smc-0-27", "kind": "plot", "zone": "smc", "storeys": 3, "source": "1842 plan of Vilnius (Polona, public domain), traced; plots split at ~13 m frontage (conjecture)", "grade": "B-block/C-plot"}, "geometry": {"type": "Polygon", "coordinates": [[[582920.7067659397, 6060927.7932340605], [582919.6460943022, 6060928.716745235], [582917.9286844622, 6060928.62287267], [582914.2617094689, 6060924.519353308], [582911.176834999, 6060923.593064541], [582908.0110208329, 6060918.285139246], [582904.9960943137, 6060917.680746567], [582921.1084140065, 6060953.018085054], [582924.9324361662, 6060950.550319595], [582926.7729889287, 6060950.233166962], [582932.5987695555, 6060946.619633545], [582920.7067659397, 6060927.7932340605]]]}}, {"type": "Feature", "properties": {"id": "smc-0-28", "kind": "plot", "zone": "smc", "storeys": 3, "source": "1842 plan of Vilnius (Polona, public domain), traced; plots split at ~13 m frontage (conjecture)", "grade": "B-block/C-plot"}, "geometry": {"type": "Polygon", "coordinates": [[[582921.7396811218, 6060915.761798885], [582924.5426557877, 6060916.037245259], [582935.887459914, 6060914.401223048], [582947.6411748659, 6060895.211886385], [582943.25774407, 6060892.006422211], [582938.0699447949, 6060889.533169914], [582936.53563656, 6060888.40172742], [582921.7396811218, 6060915.761798885]]]}}, {"type": "Feature", "properties": {"id": "smc-0-29", "kind": "plot", "zone": "smc", "storeys": 2, "source": "1842 plan of Vilnius (Polona, public domain), traced; plots split at ~13 m frontage (conjecture)", "grade": "B-block/C-plot"}, "geometry": {"type": "Polygon", "coordinates": [[[582924.5426557877, 6060916.037245259], [582921.7396811218, 6060915.761798885], [582913.769785987, 6060916.81120277], [582915.3837734528, 6060919.366329204], [582921.1287748363, 6060925.093644352], [582921.2353486301, 6060927.069844826], [582920.7067659397, 6060927.7932340605], [582932.5987695555, 6060946.619633545], [582936.0069052359, 6060944.992221452], [582943.0004843, 6060938.578616005], [582924.5426557877, 6060916.037245259]]]}}, {"type": "Feature", "properties": {"id": "smc-0-30", "kind": "plot", "zone": "smc", "storeys": 3, "source": "1842 plan of Vilnius (Polona, public domain), traced; plots split at ~13 m frontage (conjecture)", "grade": "B-block/C-plot"}, "geometry": {"type": "Polygon", "coordinates": [[[582910.0772534503, 6060908.163626725], [582914.2166097846, 6060912.589280568], [582914.2116334633, 6060913.94804899], [582912.7749270954, 6060915.735789966], [582912.8756664115, 6060916.755331292], [582921.7396811218, 6060915.761798885], [582936.53563656, 6060888.40172742], [582934.9852979616, 6060887.243575579], [582928.954923906, 6060884.470613816], [582925.217617634, 6060882.059753312], [582910.0772534503, 6060908.163626725]]]}}, {"type": "Feature", "properties": {"id": "smc-0-31", "kind": "plot", "zone": "smc", "storeys": 3, "source": "1842 plan of Vilnius (Polona, public domain), traced; plots split at ~13 m frontage (conjecture)", "grade": "B-block/C-plot"}, "geometry": {"type": "Polygon", "coordinates": [[[582937.4558511524, 6060914.663778492], [582935.887459914, 6060914.401223048], [582924.5426557877, 6060916.037245259], [582943.0004843, 6060938.578616005], [582947.5063054861, 6060935.493091566], [582953.0955348366, 6060929.904465163], [582937.4558511524, 6060914.663778492]]]}}, {"type": "Feature", "properties": {"id": "smc-0-32", "kind": "plot", "zone": "smc", "storeys": 2, "source": "1842 plan of Vilnius (Polona, public domain), traced; plots split at ~13 m frontage (conjecture)", "grade": "B-block/C-plot"}, "geometry": {"type": "Polygon", "coordinates": [[[582952.4284734157, 6060912.136328478], [582937.4558511524, 6060914.663778492], [582953.0955348366, 6060929.904465163], [582957.7356980521, 6060925.014643434], [582961.5697374454, 6060919.993319281], [582952.4284734157, 6060912.136328478]]]}}, {"type": "Feature", "properties": {"id": "smc-0-33", "kind": "plot", "zone": "smc", "storeys": 3, "source": "1842 plan of Vilnius (Polona, public domain), traced; plots split at ~13 m frontage (conjecture)", "grade": "B-block/C-plot"}, "geometry": {"type": "Polygon", "coordinates": [[[582935.887459914, 6060914.401223048], [582937.4558511524, 6060914.663778492], [582952.4284734157, 6060912.136328478], [582958.7132246144, 6060902.222251826], [582953.2658182996, 6060898.262045691], [582947.6411748659, 6060895.211886385], [582935.887459914, 6060914.401223048]]]}}, {"type": "Feature", "properties": {"id": "smc-0-34", "kind": "plot", "zone": "smc", "storeys": 3, "source": "1842 plan of Vilnius (Polona, public domain), traced; plots split at ~13 m frontage (conjecture)", "grade": "B-block/C-plot"}, "geometry": {"type": "Polygon", "coordinates": [[[582952.675811215, 6060911.900204103], [582952.4284734157, 6060912.136328478], [582961.5697374454, 6060919.993319281], [582963.9696727868, 6060917.776721904], [582964.3723689563, 6060916.681569524], [582966.010051776, 6060915.480067227], [582969.0, 6060910.060219387], [582952.675811215, 6060911.900204103]]]}}, {"type": "Feature", "properties": {"id": "smc-0-35", "kind": "plot", "zone": "smc", "storeys": 2, "source": "1842 plan of Vilnius (Polona, public domain), traced; plots split at ~13 m frontage (conjecture)", "grade": "B-block/C-plot"}, "geometry": {"type": "Polygon", "coordinates": [[[582952.675811215, 6060911.900204103], [582969.0, 6060910.060219387], [582968.9961570562, 6060908.2938246485], [582967.7232879217, 6060906.985901958], [582958.7132246144, 6060902.222251826], [582952.675811215, 6060911.900204103]]]}}, {"type": "Feature", "properties": {"id": "smc-1-0", "kind": "plot", "zone": "smc", "storeys": 2, "source": "1842 plan of Vilnius (Polona, public domain), traced; plots split at ~13 m frontage (conjecture)", "grade": "B-block/C-plot"}, "geometry": {"type": "Polygon", "coordinates": [[[582930.1981913126, 6060962.610284191], [582930.0870324731, 6060962.231623097], [582925.5091844721, 6060963.248059239], [582914.2797051899, 6060966.491418501], [582912.0270962113, 6060967.976364643], [582909.5021245194, 6060968.753888525], [582908.1248372498, 6060970.088360526], [582923.9844338346, 6060965.60460217], [582930.1981913126, 6060962.610284191]]]}}, {"type": "Feature", "properties": {"id": "smc-2-0", "kind": "plot", "zone": "smc", "storeys": 2, "source": "1842 plan of Vilnius (Polona, public domain), traced; plots split at ~13 m frontage (conjecture)", "grade": "B-block/C-plot"}, "geometry": {"type": "Polygon", "coordinates": [[[582835.1982821042, 6060852.269053961], [582839.991690986, 6060850.965333651], [582832.0586587636, 6060848.849478671], [582830.1296235067, 6060853.919674764], [582835.1982821042, 6060852.269053961]]]}}, {"type": "Feature", "properties": {"id": "rud_s-3-0", "kind": "plot", "zone": "rud_s", "storeys": 2, "source": "1842 plan of Vilnius (Polona, public domain), traced; plots split at ~13 m frontage (conjecture)", "grade": "B-block/C-plot"}, "geometry": {"type": "Polygon", "coordinates": [[[582911.6086717406, 6060808.293094144], [582908.7799887513, 6060803.707961664], [582899.8953999828, 6060803.015685746], [582899.5154124717, 6060803.723433618], [582899.5498056374, 6060805.518828777], [582901.739298057, 6060806.862393598], [582902.0550930884, 6060808.034924116], [582905.4928112007, 6060810.4895557575], [582907.9688971036, 6060810.730168208], [582909.440694026, 6060808.895293931], [582910.3924432828, 6060808.754860296], [582910.9726577062, 6060809.10831119], [582911.6086717406, 6060808.293094144]]]}}, {"type": "Feature", "properties": {"id": "rud_s-3-1", "kind": "plot", "zone": "rud_s", "storeys": 2, "source": "1842 plan of Vilnius (Polona, public domain), traced; plots split at ~13 m frontage (conjecture)", "grade": "B-block/C-plot"}, "geometry": {"type": "Polygon", "coordinates": [[[582908.7799887513, 6060803.707961664], [582909.0550080395, 6060801.264285331], [582907.4190393323, 6060794.078228332], [582906.8001336431, 6060793.892519167], [582901.2586228917, 6060800.491472545], [582899.8953999828, 6060803.015685746], [582908.7799887513, 6060803.707961664]]]}}, {"type": "Feature", "properties": {"id": "rud_s-3-2", "kind": "plot", "zone": "rud_s", "storeys": 2, "source": "1842 plan of Vilnius (Polona, public domain), traced; plots split at ~13 m frontage (conjecture)", "grade": "B-block/C-plot"}, "geometry": {"type": "Polygon", "coordinates": [[[582908.7799887513, 6060803.707961664], [582911.6086717406, 6060808.293094144], [582912.8314094202, 6060808.08140942], [582912.50361131, 6060807.492139053], [582912.6323002048, 6060805.891125879], [582915.2419476256, 6060803.257250085], [582917.4800567976, 6060799.786753532], [582918.9490629409, 6060798.244761782], [582909.0550080395, 6060801.264285331], [582908.7799887513, 6060803.707961664]]]}}, {"type": "Feature", "properties": {"id": "rud_s-3-3", "kind": "plot", "zone": "rud_s", "storeys": 3, "source": "1842 plan of Vilnius (Polona, public domain), traced; plots split at ~13 m frontage (conjecture)", "grade": "B-block/C-plot"}, "geometry": {"type": "Polygon", "coordinates": [[[582909.0550080395, 6060801.264285331], [582918.7731433938, 6060798.133265498], [582907.4190393323, 6060794.078228332], [582909.0550080395, 6060801.264285331]]]}}, {"type": "Feature", "properties": {"id": "rud_s-3-4", "kind": "plot", "zone": "rud_s", "storeys": 2, "source": "1842 plan of Vilnius (Polona, public domain), traced; plots split at ~13 m frontage (conjecture)", "grade": "B-block/C-plot"}, "geometry": {"type": "Polygon", "coordinates": [[[582916.7051706646, 6060822.578782794], [582916.6642962549, 6060820.631164007], [582909.9219968582, 6060817.543486647], [582910.360365082, 6060820.049901243], [582907.5330131539, 6060823.064891141], [582908.2538996565, 6060824.997488959], [582910.095804964, 6060826.845804964], [582916.7051706646, 6060822.578782794]]]}}, {"type": "Feature", "properties": {"id": "rud_s-3-5", "kind": "plot", "zone": "rud_s", "storeys": 2, "source": "1842 plan of Vilnius (Polona, public domain), traced; plots split at ~13 m frontage (conjecture)", "grade": "B-block/C-plot"}, "geometry": {"type": "Polygon", "coordinates": [[[582914.4977404069, 6060819.512882209], [582916.1007193022, 6060811.520143861], [582914.75243092, 6060811.117297623], [582913.7471821695, 6060809.001935284], [582912.8314094202, 6060808.08140942], [582911.6086717406, 6060808.293094144], [582910.9726577062, 6060809.10831119], [582911.9922768204, 6060810.731352145], [582912.8611484035, 6060811.294423863], [582912.9846030775, 6060812.160550926], [582910.9969857858, 6060813.51226736], [582909.5376907513, 6060815.695352077], [582909.9219968582, 6060817.543486647], [582914.4977404069, 6060819.512882209]]]}}, {"type": "Feature", "properties": {"id": "rud_s-3-6", "kind": "plot", "zone": "rud_s", "storeys": 3, "source": "1842 plan of Vilnius (Polona, public domain), traced; plots split at ~13 m frontage (conjecture)", "grade": "B-block/C-plot"}, "geometry": {"type": "Polygon", "coordinates": [[[582939.0796308648, 6060832.594718395], [582943.5613999784, 6060835.801849282], [582945.8993712178, 6060834.15257854], [582945.8101742689, 6060825.094912866], [582937.2339692098, 6060829.383015394], [582939.0796308648, 6060832.594718395]]]}}, {"type": "Feature", "properties": {"id": "rud_s-3-7", "kind": "plot", "zone": "rud_s", "storeys": 2, "source": "1842 plan of Vilnius (Polona, public domain), traced; plots split at ~13 m frontage (conjecture)", "grade": "B-block/C-plot"}, "geometry": {"type": "Polygon", "coordinates": [[[582916.6642962549, 6060820.631164007], [582916.7051706646, 6060822.578782794], [582918.5785786783, 6060826.7135965545], [582929.2447239258, 6060827.465001804], [582925.5623316638, 6060823.560594154], [582924.7421563257, 6060821.492137141], [582921.3146144645, 6060817.256288456], [582916.6642962549, 6060820.631164007]]]}}, {"type": "Feature", "properties": {"id": "rud_s-3-8", "kind": "plot", "zone": "rud_s", "storeys": 3, "source": "1842 plan of Vilnius (Polona, public domain), traced; plots split at ~13 m frontage (conjecture)", "grade": "B-block/C-plot"}, "geometry": {"type": "Polygon", "coordinates": [[[582918.5785786783, 6060826.7135965545], [582916.7051706646, 6060822.578782794], [582910.095804964, 6060826.845804964], [582911.4947686897, 6060830.69825227], [582913.2080400657, 6060831.2298069], [582915.4838973837, 6060829.554866594], [582917.3239100262, 6060829.668462212], [582918.5785786783, 6060826.7135965545]]]}}, {"type": "Feature", "properties": {"id": "rud_s-3-9", "kind": "plot", "zone": "rud_s", "storeys": 2, "source": "1842 plan of Vilnius (Polona, public domain), traced; plots split at ~13 m frontage (conjecture)", "grade": "B-block/C-plot"}, "geometry": {"type": "Polygon", "coordinates": [[[582914.4977404069, 6060819.512882209], [582916.6642962549, 6060820.631164007], [582921.3146144645, 6060817.256288456], [582920.4863807743, 6060816.205862585], [582919.4899976943, 6060813.745697791], [582917.2173572939, 6060811.74461299], [582916.1007193022, 6060811.520143861], [582914.4977404069, 6060819.512882209]]]}}, {"type": "Feature", "properties": {"id": "rud_s-3-10", "kind": "plot", "zone": "rud_s", "storeys": 3, "source": "1842 plan of Vilnius (Polona, public domain), traced; plots split at ~13 m frontage (conjecture)", "grade": "B-block/C-plot"}, "geometry": {"type": "Polygon", "coordinates": [[[582939.0796308648, 6060832.594718395], [582933.9350686276, 6060839.689489847], [582938.1039264646, 6060842.741858636], [582942.4842453747, 6060836.580414609], [582943.5613999784, 6060835.801849282], [582939.0796308648, 6060832.594718395]]]}}, {"type": "Feature", "properties": {"id": "rud_s-3-11", "kind": "plot", "zone": "rud_s", "storeys": 3, "source": "1842 plan of Vilnius (Polona, public domain), traced; plots split at ~13 m frontage (conjecture)", "grade": "B-block/C-plot"}, "geometry": {"type": "Polygon", "coordinates": [[[582929.6576507865, 6060827.90221848], [582929.2447239258, 6060827.465001804], [582918.5785786783, 6060826.7135965545], [582917.3239100262, 6060829.668462212], [582920.705629879, 6060834.429637351], [582922.4215900882, 6060834.261201415], [582923.5678227672, 6060832.9674524795], [582925.6463426537, 6060831.81316936], [582928.0995910512, 6060831.9304569885], [582929.6576507865, 6060827.90221848]]]}}, {"type": "Feature", "properties": {"id": "rud_s-3-12", "kind": "plot", "zone": "rud_s", "storeys": 2, "source": "1842 plan of Vilnius (Polona, public domain), traced; plots split at ~13 m frontage (conjecture)", "grade": "B-block/C-plot"}, "geometry": {"type": "Polygon", "coordinates": [[[582928.1365994163, 6060831.961853051], [582930.6774621252, 6060835.429658636], [582930.7907812649, 6060837.559841078], [582933.9350686276, 6060839.689489847], [582939.0796308648, 6060832.594718395], [582937.2339692098, 6060829.383015394], [582934.5103942924, 6060830.746087651], [582932.7999577593, 6060832.403012904], [582931.6053519731, 6060832.400546811], [582930.0360464498, 6060830.4902505595], [582929.6576507865, 6060827.90221848], [582928.1365994163, 6060831.961853051]]]}}, {"type": "Feature", "properties": {"id": "rud_s-3-13", "kind": "plot", "zone": "rud_s", "storeys": 2, "source": "1842 plan of Vilnius (Polona, public domain), traced; plots split at ~13 m frontage (conjecture)", "grade": "B-block/C-plot"}, "geometry": {"type": "Polygon", "coordinates": [[[582959.7981622585, 6060818.018377416], [582959.9013177278, 6060815.96019022], [582951.2599035605, 6060812.306749783], [582952.7233681362, 6060818.877493426], [582959.7981622585, 6060818.018377416]]]}}, {"type": "Feature", "properties": {"id": "rud_s-3-14", "kind": "plot", "zone": "rud_s", "storeys": 2, "source": "1842 plan of Vilnius (Polona, public domain), traced; plots split at ~13 m frontage (conjecture)", "grade": "B-block/C-plot"}, "geometry": {"type": "Polygon", "coordinates": [[[582949.6772678851, 6060823.01364282], [582945.8101742689, 6060825.094912866], [582945.8993712178, 6060834.15257854], [582953.6687296237, 6060828.671854361], [582949.6772678851, 6060823.01364282]]]}}, {"type": "Feature", "properties": {"id": "rud_s-3-15", "kind": "plot", "zone": "rud_s", "storeys": 2, "source": "1842 plan of Vilnius (Polona, public domain), traced; plots split at ~13 m frontage (conjecture)", "grade": "B-block/C-plot"}, "geometry": {"type": "Polygon", "coordinates": [[[582952.7311726471, 6060818.913394176], [582952.6054389697, 6060820.96385216], [582950.2607768443, 6060822.248446053], [582949.6772678851, 6060823.01364282], [582953.6687296237, 6060828.671854361], [582959.1045999146, 6060824.810032162], [582959.7981622585, 6060818.018377416], [582952.7311726471, 6060818.913394176]]]}}, {"type": "Feature", "properties": {"id": "rud_s-4-0", "kind": "plot", "zone": "rud_s", "storeys": 2, "source": "1842 plan of Vilnius (Polona, public domain), traced; plots split at ~13 m frontage (conjecture)", "grade": "B-block/C-plot"}, "geometry": {"type": "Polygon", "coordinates": [[[582943.3709188949, 6060853.436430446], [582939.330048884, 6060850.781598945], [582933.1614001718, 6060860.398694308], [582936.4561706317, 6060862.4020201545], [582940.9766123946, 6060856.7975773765], [582942.4560529878, 6060857.530582676], [582943.3709188949, 6060853.436430446]]]}}, {"type": "Feature", "properties": {"id": "rud_s-4-1", "kind": "plot", "zone": "rud_s", "storeys": 2, "source": "1842 plan of Vilnius (Polona, public domain), traced; plots split at ~13 m frontage (conjecture)", "grade": "B-block/C-plot"}, "geometry": {"type": "Polygon", "coordinates": [[[582943.3709188949, 6060853.436430446], [582942.4560529878, 6060857.530582676], [582946.172889401, 6060860.206064466], [582946.347499336, 6060858.617656561], [582948.4845399748, 6060855.506405156], [582948.2410277457, 6060853.003857166], [582946.5356196447, 6060851.014928009], [582943.3709188949, 6060853.436430446]]]}}, {"type": "Feature", "properties": {"id": "rud_s-4-2", "kind": "plot", "zone": "rud_s", "storeys": 2, "source": "1842 plan of Vilnius (Polona, public domain), traced; plots split at ~13 m frontage (conjecture)", "grade": "B-block/C-plot"}, "geometry": {"type": "Polygon", "coordinates": [[[582943.3709188949, 6060853.436430446], [582946.5356196447, 6060851.014928009], [582943.5069212839, 6060847.50895874], [582942.1679676076, 6060846.587641375], [582939.330048884, 6060850.781598945], [582943.3709188949, 6060853.436430446]]]}}, {"type": "Feature", "properties": {"id": "rud_s-5-0", "kind": "plot", "zone": "rud_s", "storeys": 2, "source": "1842 plan of Vilnius (Polona, public domain), traced; plots split at ~13 m frontage (conjecture)", "grade": "B-block/C-plot"}, "geometry": {"type": "Polygon", "coordinates": [[[582852.5233330727, 6060786.958730654], [582850.1183655516, 6060783.526157099], [582844.9426960647, 6060785.606740162], [582847.4931527362, 6060791.995972812], [582848.0264032256, 6060795.340305811], [582849.4982686721, 6060797.756338618], [582851.0483752355, 6060802.121883018], [582853.7712167258, 6060801.154123294], [582849.7029936981, 6060789.192055423], [582852.5233330727, 6060786.958730654]]]}}, {"type": "Feature", "properties": {"id": "rud_s-5-1", "kind": "plot", "zone": "rud_s", "storeys": 2, "source": "1842 plan of Vilnius (Polona, public domain), traced; plots split at ~13 m frontage (conjecture)", "grade": "B-block/C-plot"}, "geometry": {"type": "Polygon", "coordinates": [[[582847.551599927, 6060784.694441754], [582850.1183655516, 6060783.526157099], [582850.1183655516, 6060780.0], [582843.3914118286, 6060780.045756868], [582844.9426960647, 6060785.606740162], [582847.551599927, 6060784.694441754]]]}}, {"type": "Feature", "properties": {"id": "rud_s-5-2", "kind": "plot", "zone": "rud_s", "storeys": 2, "source": "1842 plan of Vilnius (Polona, public domain), traced; plots split at ~13 m frontage (conjecture)", "grade": "B-block/C-plot"}, "geometry": {"type": "Polygon", "coordinates": [[[582850.1183655516, 6060783.526157099], [582852.5233330727, 6060786.958730654], [582859.8385069283, 6060781.829102123], [582859.6098334083, 6060780.12608351], [582850.1183655516, 6060780.0], [582850.1183655516, 6060783.526157099]]]}}, {"type": "Feature", "properties": {"id": "rud_s-5-3", "kind": "plot", "zone": "rud_s", "storeys": 3, "source": "1842 plan of Vilnius (Polona, public domain), traced; plots split at ~13 m frontage (conjecture)", "grade": "B-block/C-plot"}, "geometry": {"type": "Polygon", "coordinates": [[[582864.2573856766, 6060819.0040190965], [582864.755860754, 6060816.083196704], [582861.789559248, 6060811.134473669], [582858.5060747718, 6060813.191416435], [582858.0636214516, 6060813.140236722], [582853.7712167258, 6060801.154123294], [582851.0483752355, 6060802.121883018], [582857.3940787815, 6060821.2542757355], [582864.2573856766, 6060819.0040190965]]]}}, {"type": "Feature", "properties": {"id": "rud_s-5-4", "kind": "plot", "zone": "rud_s", "storeys": 2, "source": "1842 plan of Vilnius (Polona, public domain), traced; plots split at ~13 m frontage (conjecture)", "grade": "B-block/C-plot"}, "geometry": {"type": "Polygon", "coordinates": [[[582872.0996625613, 6060806.555867999], [582876.7423009967, 6060802.255913235], [582878.0657966147, 6060799.742752961], [582866.972672741, 6060807.882886286], [582861.789559248, 6060811.134473669], [582864.755860754, 6060816.083196704], [582868.7134734805, 6060814.601217639], [582870.5721714855, 6060809.96663501], [582870.0361017686, 6060809.436850466], [582870.0651007398, 6060808.534056386], [582872.0996625613, 6060806.555867999]]]}}, {"type": "Feature", "properties": {"id": "rud_s-5-5", "kind": "plot", "zone": "rud_s", "storeys": 2, "source": "1842 plan of Vilnius (Polona, public domain), traced; plots split at ~13 m frontage (conjecture)", "grade": "B-block/C-plot"}, "geometry": {"type": "Polygon", "coordinates": [[[582866.9716464421, 6060825.917301958], [582866.2976733359, 6060824.904774858], [582867.7880143952, 6060823.658391171], [582864.2573856766, 6060819.0040190965], [582857.3940787815, 6060821.2542757355], [582858.2474401456, 6060824.238684577], [582859.5007487548, 6060826.541969567], [582859.9992875253, 6060829.490995807], [582860.8755716122, 6060831.410338062], [582866.9716464421, 6060825.917301958]]]}}, {"type": "Feature", "properties": {"id": "rud_s-5-6", "kind": "plot", "zone": "rud_s", "storeys": 2, "source": "1842 plan of Vilnius (Polona, public domain), traced; plots split at ~13 m frontage (conjecture)", "grade": "B-block/C-plot"}, "geometry": {"type": "Polygon", "coordinates": [[[582864.2573856766, 6060819.0040190965], [582867.7880143952, 6060823.658391171], [582874.1125698988, 6060818.745582045], [582876.0545816448, 6060820.889573527], [582876.1876540274, 6060820.583894343], [582874.5742247475, 6060816.770999698], [582868.7134734805, 6060814.601217639], [582864.755860754, 6060816.083196704], [582864.2573856766, 6060819.0040190965]]]}}, {"type": "Feature", "properties": {"id": "rud_s-5-7", "kind": "plot", "zone": "rud_s", "storeys": 3, "source": "1842 plan of Vilnius (Polona, public domain), traced; plots split at ~13 m frontage (conjecture)", "grade": "B-block/C-plot"}, "geometry": {"type": "Polygon", "coordinates": [[[582872.4199163249, 6060838.346459419], [582873.2504381223, 6060835.48927811], [582861.3568628276, 6060832.460427986], [582865.4932241009, 6060841.484450713], [582867.030648906, 6060843.489843577], [582872.4199163249, 6060838.346459419]]]}}, {"type": "Feature", "properties": {"id": "rud_s-5-8", "kind": "plot", "zone": "rud_s", "storeys": 2, "source": "1842 plan of Vilnius (Polona, public domain), traced; plots split at ~13 m frontage (conjecture)", "grade": "B-block/C-plot"}, "geometry": {"type": "Polygon", "coordinates": [[[582872.4199163249, 6060838.346459419], [582880.0076480041, 6060846.338702282], [582883.6448860497, 6060843.91603633], [582885.2993756201, 6060841.489309152], [582874.7196167308, 6060833.77005313], [582873.2504381223, 6060835.48927811], [582872.4199163249, 6060838.346459419]]]}}, {"type": "Feature", "properties": {"id": "rud_s-5-9", "kind": "plot", "zone": "rud_s", "storeys": 3, "source": "1842 plan of Vilnius (Polona, public domain), traced; plots split at ~13 m frontage (conjecture)", "grade": "B-block/C-plot"}, "geometry": {"type": "Polygon", "coordinates": [[[582875.8120957875, 6060811.5164665915], [582878.5103887112, 6060811.348229042], [582879.9843494741, 6060805.526649907], [582877.00246217, 6060805.034097625], [582875.9920264473, 6060806.231549717], [582874.0173022655, 6060807.242301365], [582873.2426266987, 6060808.083110631], [582875.8120957875, 6060811.5164665915]]]}}, {"type": "Feature", "properties": {"id": "rud_s-5-10", "kind": "plot", "zone": "rud_s", "storeys": 3, "source": "1842 plan of Vilnius (Polona, public domain), traced; plots split at ~13 m frontage (conjecture)", "grade": "B-block/C-plot"}, "geometry": {"type": "Polygon", "coordinates": [[[582860.8755716122, 6060831.410338062], [582861.3568628276, 6060832.460427986], [582873.2504381223, 6060835.48927811], [582874.7196167308, 6060833.77005313], [582866.9716464421, 6060825.917301958], [582860.8755716122, 6060831.410338062]]]}}, {"type": "Feature", "properties": {"id": "rud_s-5-11", "kind": "plot", "zone": "rud_s", "storeys": 2, "source": "1842 plan of Vilnius (Polona, public domain), traced; plots split at ~13 m frontage (conjecture)", "grade": "B-block/C-plot"}, "geometry": {"type": "Polygon", "coordinates": [[[582875.8120957875, 6060811.5164665915], [582873.2426266987, 6060808.083110631], [582871.6096340725, 6060809.851715819], [582870.5721714855, 6060809.96663501], [582868.7134734805, 6060814.601217639], [582874.5742247475, 6060816.770999698], [582875.8120957875, 6060811.5164665915]]]}}, {"type": "Feature", "properties": {"id": "rud_s-5-12", "kind": "plot", "zone": "rud_s", "storeys": 2, "source": "1842 plan of Vilnius (Polona, public domain), traced; plots split at ~13 m frontage (conjecture)", "grade": "B-block/C-plot"}, "geometry": {"type": "Polygon", "coordinates": [[[582874.5742247475, 6060816.770999698], [582876.1876540274, 6060820.583894343], [582878.0384448138, 6060819.832124013], [582881.2437457971, 6060816.005723205], [582883.3127825905, 6060812.743495668], [582878.5103887112, 6060811.348229042], [582875.8120957875, 6060811.5164665915], [582874.5742247475, 6060816.770999698]]]}}, {"type": "Feature", "properties": {"id": "rud_s-5-13", "kind": "plot", "zone": "rud_s", "storeys": 2, "source": "1842 plan of Vilnius (Polona, public domain), traced; plots split at ~13 m frontage (conjecture)", "grade": "B-block/C-plot"}, "geometry": {"type": "Polygon", "coordinates": [[[582880.0076480041, 6060846.338702282], [582872.4199163249, 6060838.346459419], [582867.030648906, 6060843.489843577], [582868.0260211314, 6060844.76174702], [582878.1760262065, 6060849.713915222], [582880.0076480041, 6060846.338702282]]]}}, {"type": "Feature", "properties": {"id": "rud_s-5-14", "kind": "plot", "zone": "rud_s", "storeys": 2, "source": "1842 plan of Vilnius (Polona, public domain), traced; plots split at ~13 m frontage (conjecture)", "grade": "B-block/C-plot"}, "geometry": {"type": "Polygon", "coordinates": [[[582878.5103887112, 6060811.348229042], [582883.3127825905, 6060812.743495668], [582885.2182024574, 6060810.999365491], [582884.7526165008, 6060808.533843124], [582881.2734040616, 6060805.769615781], [582879.9843494741, 6060805.526649907], [582878.5103887112, 6060811.348229042]]]}}, {"type": "Feature", "properties": {"id": "rud_s-5-15", "kind": "plot", "zone": "rud_s", "storeys": 2, "source": "1842 plan of Vilnius (Polona, public domain), traced; plots split at ~13 m frontage (conjecture)", "grade": "B-block/C-plot"}, "geometry": {"type": "Polygon", "coordinates": [[[582876.0545816448, 6060820.889573527], [582881.1150314256, 6060827.696457092], [582884.6000005597, 6060825.310451556], [582886.8911576943, 6060826.668159572], [582887.678872172, 6060824.322983812], [582881.1237728042, 6060819.427208953], [582879.3960943018, 6060821.716745235], [582878.3075108749, 6060821.403863124], [582878.0384448138, 6060819.832124013], [582876.0545816448, 6060820.889573527]]]}}, {"type": "Feature", "properties": {"id": "rud_s-5-16", "kind": "plot", "zone": "rud_s", "storeys": 2, "source": "1842 plan of Vilnius (Polona, public domain), traced; plots split at ~13 m frontage (conjecture)", "grade": "B-block/C-plot"}, "geometry": {"type": "Polygon", "coordinates": [[[582890.9408648219, 6060854.35889824], [582883.6448860497, 6060843.91603633], [582880.0076480041, 6060846.338702282], [582878.1760262065, 6060849.713915222], [582883.0079667332, 6060852.752937156], [582890.109257577, 6060855.883861472], [582890.9408648219, 6060854.35889824]]]}}, {"type": "Feature", "properties": {"id": "rud_s-5-17", "kind": "plot", "zone": "rud_s", "storeys": 2, "source": "1842 plan of Vilnius (Polona, public domain), traced; plots split at ~13 m frontage (conjecture)", "grade": "B-block/C-plot"}, "geometry": {"type": "Polygon", "coordinates": [[[582883.6448860497, 6060843.91603633], [582890.9408648219, 6060854.35889824], [582891.9885076594, 6060853.458446738], [582895.1915980882, 6060846.325266676], [582893.7208061052, 6060845.492208484], [582892.7003836378, 6060846.166153662], [582885.2993756201, 6060841.489309152], [582883.6448860497, 6060843.91603633]]]}}, {"type": "Feature", "properties": {"id": "rud_s-5-18", "kind": "plot", "zone": "rud_s", "storeys": 2, "source": "1842 plan of Vilnius (Polona, public domain), traced; plots split at ~13 m frontage (conjecture)", "grade": "B-block/C-plot"}, "geometry": {"type": "Polygon", "coordinates": [[[582890.1151990298, 6060821.867568066], [582890.9808549918, 6060821.771902842], [582896.4793829974, 6060816.204282146], [582894.9957982046, 6060814.506248966], [582892.7610448059, 6060813.73974482], [582891.2241560934, 6060812.487078046], [582889.7396659498, 6060811.753429659], [582887.7730370021, 6060811.754259344], [582886.0921834414, 6060812.934154686], [582890.1151990298, 6060821.867568066]]]}}, {"type": "Feature", "properties": {"id": "rud_s-5-19", "kind": "plot", "zone": "rud_s", "storeys": 2, "source": "1842 plan of Vilnius (Polona, public domain), traced; plots split at ~13 m frontage (conjecture)", "grade": "B-block/C-plot"}, "geometry": {"type": "Polygon", "coordinates": [[[582890.9808549918, 6060821.771902842], [582890.1151990298, 6060821.867568066], [582887.678872172, 6060824.322983812], [582886.8911576943, 6060826.668159572], [582893.8401131982, 6060831.051678219], [582897.0920234091, 6060825.657210497], [582890.9808549918, 6060821.771902842]]]}}, {"type": "Feature", "properties": {"id": "rud_s-5-20", "kind": "plot", "zone": "rud_s", "storeys": 2, "source": "1842 plan of Vilnius (Polona, public domain), traced; plots split at ~13 m frontage (conjecture)", "grade": "B-block/C-plot"}, "geometry": {"type": "Polygon", "coordinates": [[[582887.678872172, 6060824.322983812], [582890.1151990298, 6060821.867568066], [582886.0921834414, 6060812.934154686], [582884.7186414724, 6060815.523642837], [582881.1237728042, 6060819.427208953], [582887.678872172, 6060824.322983812]]]}}, {"type": "Feature", "properties": {"id": "rud_s-5-21", "kind": "plot", "zone": "rud_s", "storeys": 3, "source": "1842 plan of Vilnius (Polona, public domain), traced; plots split at ~13 m frontage (conjecture)", "grade": "B-block/C-plot"}, "geometry": {"type": "Polygon", "coordinates": [[[582910.6158489796, 6060866.602139734], [582904.0585690358, 6060857.562332121], [582899.4341644845, 6060862.2037558295], [582899.4854004532, 6060863.908730016], [582898.9570098397, 6060865.178612749], [582909.4971593732, 6060869.39886375], [582910.6158489796, 6060866.602139734]]]}}, {"type": "Feature", "properties": {"id": "rud_s-5-22", "kind": "plot", "zone": "rud_s", "storeys": 2, "source": "1842 plan of Vilnius (Polona, public domain), traced; plots split at ~13 m frontage (conjecture)", "grade": "B-block/C-plot"}, "geometry": {"type": "Polygon", "coordinates": [[[582890.109257577, 6060855.883861472], [582894.242382058, 6060858.251001072], [582897.2425901307, 6060860.991629556], [582899.4341644845, 6060862.2037558295], [582904.0585690358, 6060857.562332121], [582904.5727799032, 6060855.365884697], [582891.9885076594, 6060853.458446738], [582890.9408648219, 6060854.35889824], [582890.109257577, 6060855.883861472]]]}}, {"type": "Feature", "properties": {"id": "rud_s-5-23", "kind": "plot", "zone": "rud_s", "storeys": 2, "source": "1842 plan of Vilnius (Polona, public domain), traced; plots split at ~13 m frontage (conjecture)", "grade": "B-block/C-plot"}, "geometry": {"type": "Polygon", "coordinates": [[[582891.9885076594, 6060853.458446738], [582904.5727799032, 6060855.365884697], [582905.6345300113, 6060853.872368903], [582901.33970335, 6060851.303711842], [582901.4817368822, 6060850.003665564], [582895.1915980882, 6060846.325266676], [582891.9885076594, 6060853.458446738]]]}}, {"type": "Feature", "properties": {"id": "rud_s-5-24", "kind": "plot", "zone": "rud_s", "storeys": 3, "source": "1842 plan of Vilnius (Polona, public domain), traced; plots split at ~13 m frontage (conjecture)", "grade": "B-block/C-plot"}, "geometry": {"type": "Polygon", "coordinates": [[[582890.9808549918, 6060821.771902842], [582897.0920234091, 6060825.657210497], [582899.9783275751, 6060820.778015344], [582899.5026075903, 6060818.2813776955], [582897.7577855438, 6060816.75824731], [582896.4793829974, 6060816.204282146], [582890.9808549918, 6060821.771902842]]]}}, {"type": "Feature", "properties": {"id": "rud_s-5-25", "kind": "plot", "zone": "rud_s", "storeys": 2, "source": "1842 plan of Vilnius (Polona, public domain), traced; plots split at ~13 m frontage (conjecture)", "grade": "B-block/C-plot"}, "geometry": {"type": "Polygon", "coordinates": [[[582904.0585690358, 6060857.562332121], [582910.6158489796, 6060866.602139734], [582916.5632493707, 6060862.304913293], [582917.4050174988, 6060860.88280705], [582905.6345300113, 6060853.872368903], [582904.5727799032, 6060855.365884697], [582904.0585690358, 6060857.562332121]]]}}, {"type": "Feature", "properties": {"id": "rud_s-5-26", "kind": "plot", "zone": "rud_s", "storeys": 2, "source": "1842 plan of Vilnius (Polona, public domain), traced; plots split at ~13 m frontage (conjecture)", "grade": "B-block/C-plot"}, "geometry": {"type": "Polygon", "coordinates": [[[582921.7910000077, 6060873.795811631], [582916.5632493707, 6060862.304913293], [582910.6158489796, 6060866.602139734], [582909.4971593732, 6060869.39886375], [582921.6133010861, 6060874.245320435], [582921.7910000077, 6060873.795811631]]]}}, {"type": "Feature", "properties": {"id": "rud_s-5-27", "kind": "plot", "zone": "rud_s", "storeys": 3, "source": "1842 plan of Vilnius (Polona, public domain), traced; plots split at ~13 m frontage (conjecture)", "grade": "B-block/C-plot"}, "geometry": {"type": "Polygon", "coordinates": [[[582916.5632493707, 6060862.304913293], [582921.7910000077, 6060873.795811631], [582928.3713249466, 6060867.02813131], [582917.4050174988, 6060860.88280705], [582916.5632493707, 6060862.304913293]]]}}, {"type": "Feature", "properties": {"id": "rud_s-5-28", "kind": "plot", "zone": "rud_s", "storeys": 2, "source": "1842 plan of Vilnius (Polona, public domain), traced; plots split at ~13 m frontage (conjecture)", "grade": "B-block/C-plot"}, "geometry": {"type": "Polygon", "coordinates": [[[582929.7887140297, 6060867.78073212], [582928.3713249466, 6060867.02813131], [582921.6133010861, 6060874.245320435], [582931.941117904, 6060878.254276117], [582929.7887140297, 6060867.78073212]]]}}, {"type": "Feature", "properties": {"id": "rud_s-5-29", "kind": "plot", "zone": "rud_s", "storeys": 2, "source": "1842 plan of Vilnius (Polona, public domain), traced; plots split at ~13 m frontage (conjecture)", "grade": "B-block/C-plot"}, "geometry": {"type": "Polygon", "coordinates": [[[582931.941117904, 6060878.254276117], [582934.5324461564, 6060879.2509408295], [582939.1423609036, 6060872.747302209], [582929.7887140297, 6060867.78073212], [582931.941117904, 6060878.254276117]]]}}, {"type": "Feature", "properties": {"id": "rud_s-5-30", "kind": "plot", "zone": "rud_s", "storeys": 2, "source": "1842 plan of Vilnius (Polona, public domain), traced; plots split at ~13 m frontage (conjecture)", "grade": "B-block/C-plot"}, "geometry": {"type": "Polygon", "coordinates": [[[582942.1571307706, 6060874.347968709], [582939.1423609036, 6060872.747302209], [582934.5324461564, 6060879.2509408295], [582942.3076284862, 6060882.241395572], [582942.1571307706, 6060874.347968709]]]}}, {"type": "Feature", "properties": {"id": "rud_s-5-31", "kind": "plot", "zone": "rud_s", "storeys": 2, "source": "1842 plan of Vilnius (Polona, public domain), traced; plots split at ~13 m frontage (conjecture)", "grade": "B-block/C-plot"}, "geometry": {"type": "Polygon", "coordinates": [[[582942.3076284862, 6060882.241395572], [582944.8319917121, 6060883.083490611], [582947.2120330548, 6060877.304346266], [582942.1571307706, 6060874.347968709], [582942.3076284862, 6060882.241395572]]]}}, {"type": "Feature", "properties": {"id": "rud_s-6-0", "kind": "plot", "zone": "rud_s", "storeys": 3, "source": "1842 plan of Vilnius (Polona, public domain), traced; plots split at ~13 m frontage (conjecture)", "grade": "B-block/C-plot"}, "geometry": {"type": "Polygon", "coordinates": [[[582930.2910637056, 6060838.43567864], [582930.1593251376, 6060838.13328127], [582929.4874303916, 6060838.267985129], [582927.4951718295, 6060840.25767959], [582923.0093054951, 6060846.737053948], [582921.8611706867, 6060849.1837906595], [582923.1768391174, 6060849.814592695], [582930.2910637056, 6060838.43567864]]]}}, {"type": "Feature", "properties": {"id": "rud_s-7-0", "kind": "plot", "zone": "rud_s", "storeys": 2, "source": "1842 plan of Vilnius (Polona, public domain), traced; plots split at ~13 m frontage (conjecture)", "grade": "B-block/C-plot"}, "geometry": {"type": "Polygon", "coordinates": [[[582900.1894766836, 6060794.379692821], [582902.0311117864, 6060792.1693919785], [582892.0329245935, 6060788.583187355], [582891.6786082238, 6060788.770282367], [582891.5320672616, 6060789.551696809], [582893.7342400132, 6060793.223733355], [582895.9397789383, 6060795.490614544], [582896.2505775932, 6060797.967322013], [582896.6966044377, 6060798.441331265], [582898.507449055, 6060797.964921511], [582900.1894766836, 6060794.379692821]]]}}, {"type": "Feature", "properties": {"id": "rud_s-8-0", "kind": "plot", "zone": "rud_s", "storeys": 2, "source": "1842 plan of Vilnius (Polona, public domain), traced; plots split at ~13 m frontage (conjecture)", "grade": "B-block/C-plot"}, "geometry": {"type": "Polygon", "coordinates": [[[582862.468805307, 6060846.751400611], [582859.9824613743, 6060846.757830432], [582853.0451458567, 6060849.482039545], [582847.9609126066, 6060850.966861749], [582861.1873383006, 6060854.288353587], [582862.468805307, 6060846.751400611]]]}}, {"type": "Feature", "properties": {"id": "rud_s-8-1", "kind": "plot", "zone": "rud_s", "storeys": 2, "source": "1842 plan of Vilnius (Polona, public domain), traced; plots split at ~13 m frontage (conjecture)", "grade": "B-block/C-plot"}, "geometry": {"type": "Polygon", "coordinates": [[[582863.9242269922, 6060854.953026555], [582886.968731717, 6060860.549549131], [582887.2096885184, 6060860.404777567], [582884.0085751582, 6060858.255936547], [582881.3136040487, 6060857.269351269], [582879.7410464032, 6060855.9969496485], [582875.2477520256, 6060853.99460299], [582871.2566884579, 6060851.255464402], [582867.1328648569, 6060849.4525045], [582863.9242269922, 6060854.953026555]]]}}, {"type": "Feature", "properties": {"id": "rud_s-8-2", "kind": "plot", "zone": "rud_s", "storeys": 3, "source": "1842 plan of Vilnius (Polona, public domain), traced; plots split at ~13 m frontage (conjecture)", "grade": "B-block/C-plot"}, "geometry": {"type": "Polygon", "coordinates": [[[582861.1873383006, 6060854.288353587], [582863.9242269922, 6060854.953026555], [582867.1328648569, 6060849.4525045], [582862.468805307, 6060846.751400611], [582861.1873383006, 6060854.288353587]]]}}, {"type": "Feature", "properties": {"id": "rud_s-9-0", "kind": "plot", "zone": "rud_s", "storeys": 3, "source": "1842 plan of Vilnius (Polona, public domain), traced; plots split at ~13 m frontage (conjecture)", "grade": "B-block/C-plot"}, "geometry": {"type": "Polygon", "coordinates": [[[582875.0165119229, 6060790.55779173], [582873.3115676945, 6060789.046570091], [582872.286085455, 6060787.477502805], [582864.4689472575, 6060794.943078594], [582867.1545509401, 6060799.623656747], [582875.5451888037, 6060792.597082583], [582875.0165119229, 6060790.55779173]]]}}, {"type": "Feature", "properties": {"id": "rud_s-10-0", "kind": "plot", "zone": "rud_s", "storeys": 2, "source": "1842 plan of Vilnius (Polona, public domain), traced; plots split at ~13 m frontage (conjecture)", "grade": "B-block/C-plot"}, "geometry": {"type": "Polygon", "coordinates": [[[582823.3357677327, 6060809.080070384], [582816.5438153011, 6060811.1398760425], [582816.0131564137, 6060816.017362256], [582819.5764432332, 6060822.9740643045], [582821.9633686275, 6060821.75], [582820.9639407607, 6060821.275771164], [582821.2501367831, 6060820.211259434], [582824.9908678045, 6060819.002398839], [582825.8843575236, 6060818.349606391], [582823.4526689858, 6060814.617031011], [582823.3357677327, 6060809.080070384]]]}}, {"type": "Feature", "properties": {"id": "rud_s-10-1", "kind": "plot", "zone": "rud_s", "storeys": 2, "source": "1842 plan of Vilnius (Polona, public domain), traced; plots split at ~13 m frontage (conjecture)", "grade": "B-block/C-plot"}, "geometry": {"type": "Polygon", "coordinates": [[[582837.3018266048, 6060799.393266727], [582829.6179789557, 6060792.150748534], [582827.9745663402, 6060792.79419892], [582827.2532362702, 6060794.019563363], [582827.2580890389, 6060796.267787898], [582829.2432101724, 6060801.230268943], [582830.4717286659, 6060802.466293923], [582834.4247288131, 6060802.5], [582837.3018266048, 6060799.393266727]]]}}, {"type": "Feature", "properties": {"id": "rud_s-10-2", "kind": "plot", "zone": "rud_s", "storeys": 2, "source": "1842 plan of Vilnius (Polona, public domain), traced; plots split at ~13 m frontage (conjecture)", "grade": "B-block/C-plot"}, "geometry": {"type": "Polygon", "coordinates": [[[582828.4510086834, 6060827.517496898], [582829.41253085, 6060826.4571076], [582825.1477280998, 6060820.855113291], [582823.0686422383, 6060821.716392536], [582821.9633686275, 6060821.75], [582819.5764432332, 6060822.9740643045], [582826.3774768303, 6060836.236079819], [582827.616836858, 6060835.600510574], [582826.201559389, 6060833.6240544105], [582825.029098312, 6060830.564518144], [582825.0153339314, 6060829.158969842], [582825.4569031353, 6060828.591314196], [582828.4510086834, 6060827.517496898]]]}}, {"type": "Feature", "properties": {"id": "rud_s-10-3", "kind": "plot", "zone": "rud_s", "storeys": 3, "source": "1842 plan of Vilnius (Polona, public domain), traced; plots split at ~13 m frontage (conjecture)", "grade": "B-block/C-plot"}, "geometry": {"type": "Polygon", "coordinates": [[[582825.8843575236, 6060818.349606391], [582828.7373937352, 6060817.001795718], [582829.9991338671, 6060814.961233845], [582829.9954165735, 6060812.739883678], [582829.2582587547, 6060810.527493484], [582827.1867607156, 6060808.500963055], [582825.2406574137, 6060808.503835411], [582823.3357677327, 6060809.080070384], [582823.4526689858, 6060814.617031011], [582825.8843575236, 6060818.349606391]]]}}, {"type": "Feature", "properties": {"id": "rud_s-10-4", "kind": "plot", "zone": "rud_s", "storeys": 2, "source": "1842 plan of Vilnius (Polona, public domain), traced; plots split at ~13 m frontage (conjecture)", "grade": "B-block/C-plot"}, "geometry": {"type": "Polygon", "coordinates": [[[582838.1632018045, 6060844.585177699], [582837.2189035978, 6060840.33487507], [582830.3466702207, 6060841.149553122], [582828.7707650174, 6060839.024409273], [582827.616836858, 6060835.600510574], [582826.3774768303, 6060836.236079819], [582832.0199909622, 6060847.190047366], [582836.9745537621, 6060848.408105914], [582838.1632018045, 6060844.585177699]]]}}, {"type": "Feature", "properties": {"id": "rud_s-10-5", "kind": "plot", "zone": "rud_s", "storeys": 2, "source": "1842 plan of Vilnius (Polona, public domain), traced; plots split at ~13 m frontage (conjecture)", "grade": "B-block/C-plot"}, "geometry": {"type": "Polygon", "coordinates": [[[582829.41253085, 6060826.4571076], [582830.3503812493, 6060825.520642932], [582832.7232393577, 6060825.21797487], [582833.2351642381, 6060823.548562185], [582832.0068380461, 6060820.518888666], [582830.7061753519, 6060819.253842944], [582828.9816428418, 6060819.258703262], [582825.1477280998, 6060820.855113291], [582829.41253085, 6060826.4571076]]]}}, {"type": "Feature", "properties": {"id": "rud_s-10-6", "kind": "plot", "zone": "rud_s", "storeys": 3, "source": "1842 plan of Vilnius (Polona, public domain), traced; plots split at ~13 m frontage (conjecture)", "grade": "B-block/C-plot"}, "geometry": {"type": "Polygon", "coordinates": [[[582834.4247288131, 6060802.5], [582835.5605769462, 6060803.19708096], [582838.7017233174, 6060812.833864476], [582842.4782488786, 6060811.512249598], [582845.2657139433, 6060807.661204889], [582838.8816177263, 6060798.8481231285], [582837.3018266048, 6060799.393266727], [582834.4247288131, 6060802.5]]]}}, {"type": "Feature", "properties": {"id": "rud_s-10-7", "kind": "plot", "zone": "rud_s", "storeys": 2, "source": "1842 plan of Vilnius (Polona, public domain), traced; plots split at ~13 m frontage (conjecture)", "grade": "B-block/C-plot"}, "geometry": {"type": "Polygon", "coordinates": [[[582847.0401138525, 6060823.683784797], [582850.7664349736, 6060819.289542889], [582842.4782488786, 6060811.512249598], [582838.7017233174, 6060812.833864476], [582840.4783766918, 6060816.470393446], [582841.0042774285, 6060819.009009746], [582843.5299250891, 6060825.071820213], [582847.0401138525, 6060823.683784797]]]}}, {"type": "Feature", "properties": {"id": "rud_s-10-8", "kind": "plot", "zone": "rud_s", "storeys": 2, "source": "1842 plan of Vilnius (Polona, public domain), traced; plots split at ~13 m frontage (conjecture)", "grade": "B-block/C-plot"}, "geometry": {"type": "Polygon", "coordinates": [[[582840.919047314, 6060796.424908838], [582845.838732712, 6060794.687827506], [582844.9920412792, 6060793.212687978], [582843.5051718054, 6060788.031488659], [582841.7662460705, 6060786.741971302], [582841.0246880087, 6060785.530542478], [582839.5453861079, 6060780.093035529], [582836.3423817743, 6060780.008233542], [582837.744876794, 6060784.48510616], [582838.9998916894, 6060786.727111901], [582838.778841079, 6060787.844356621], [582836.6453940608, 6060789.135062316], [582840.919047314, 6060796.424908838]]]}}, {"type": "Feature", "properties": {"id": "rud_s-10-9", "kind": "plot", "zone": "rud_s", "storeys": 2, "source": "1842 plan of Vilnius (Polona, public domain), traced; plots split at ~13 m frontage (conjecture)", "grade": "B-block/C-plot"}, "geometry": {"type": "Polygon", "coordinates": [[[582837.3018266048, 6060799.393266727], [582838.8816177263, 6060798.8481231285], [582840.919047314, 6060796.424908838], [582836.6453940608, 6060789.135062316], [582834.7445732038, 6060790.248879351], [582829.6179789557, 6060792.150748534], [582837.3018266048, 6060799.393266727]]]}}, {"type": "Feature", "properties": {"id": "rud_s-10-10", "kind": "plot", "zone": "rud_s", "storeys": 2, "source": "1842 plan of Vilnius (Polona, public domain), traced; plots split at ~13 m frontage (conjecture)", "grade": "B-block/C-plot"}, "geometry": {"type": "Polygon", "coordinates": [[[582838.1632018045, 6060844.585177699], [582847.2355510087, 6060844.049125316], [582847.9080824153, 6060837.463317453], [582847.2241549381, 6060837.09248415], [582846.6699262059, 6060837.6638049735], [582837.2189035978, 6060840.33487507], [582838.1632018045, 6060844.585177699]]]}}, {"type": "Feature", "properties": {"id": "rud_s-10-11", "kind": "plot", "zone": "rud_s", "storeys": 2, "source": "1842 plan of Vilnius (Polona, public domain), traced; plots split at ~13 m frontage (conjecture)", "grade": "B-block/C-plot"}, "geometry": {"type": "Polygon", "coordinates": [[[582840.919047314, 6060796.424908838], [582838.8816177263, 6060798.8481231285], [582845.2657139433, 6060807.661204889], [582849.8578642636, 6060805.936352978], [582849.0021514748, 6060802.759910804], [582847.4969782048, 6060799.719846325], [582846.7165406516, 6060796.142127959], [582845.838732712, 6060794.687827506], [582840.919047314, 6060796.424908838]]]}}, {"type": "Feature", "properties": {"id": "rud_s-10-12", "kind": "plot", "zone": "rud_s", "storeys": 3, "source": "1842 plan of Vilnius (Polona, public domain), traced; plots split at ~13 m frontage (conjecture)", "grade": "B-block/C-plot"}, "geometry": {"type": "Polygon", "coordinates": [[[582847.2355510087, 6060844.049125316], [582838.1632018045, 6060844.585177699], [582836.9745537621, 6060848.408105914], [582842.8545497034, 6060849.828282033], [582848.4383325537, 6060847.853889149], [582847.2355510087, 6060844.049125316]]]}}, {"type": "Feature", "properties": {"id": "rud_s-10-13", "kind": "plot", "zone": "rud_s", "storeys": 3, "source": "1842 plan of Vilnius (Polona, public domain), traced; plots split at ~13 m frontage (conjecture)", "grade": "B-block/C-plot"}, "geometry": {"type": "Polygon", "coordinates": [[[582847.9080824153, 6060837.463317453], [582850.8209318144, 6060836.529810534], [582854.4231309553, 6060831.954845192], [582847.0401138525, 6060823.683784797], [582843.5299250891, 6060825.071820213], [582847.2080987013, 6060835.374296105], [582847.2241549381, 6060837.09248415], [582847.9080824153, 6060837.463317453]]]}}, {"type": "Feature", "properties": {"id": "rud_s-10-14", "kind": "plot", "zone": "rud_s", "storeys": 3, "source": "1842 plan of Vilnius (Polona, public domain), traced; plots split at ~13 m frontage (conjecture)", "grade": "B-block/C-plot"}, "geometry": {"type": "Polygon", "coordinates": [[[582850.8209318144, 6060836.529810534], [582847.9080824153, 6060837.463317453], [582847.2355510087, 6060844.049125316], [582848.4383325537, 6060847.853889149], [582854.007092349, 6060845.9958951995], [582859.0238639425, 6060843.265259478], [582850.8209318144, 6060836.529810534]]]}}, {"type": "Feature", "properties": {"id": "rud_s-10-15", "kind": "plot", "zone": "rud_s", "storeys": 3, "source": "1842 plan of Vilnius (Polona, public domain), traced; plots split at ~13 m frontage (conjecture)", "grade": "B-block/C-plot"}, "geometry": {"type": "Polygon", "coordinates": [[[582845.2657139433, 6060807.661204889], [582842.4782488786, 6060811.512249598], [582850.7664349736, 6060819.289542889], [582853.71504825, 6060818.427889569], [582852.2550539887, 6060813.504072372], [582851.9979959361, 6060810.7725883], [582850.7335181223, 6060809.167526735], [582849.8578642636, 6060805.936352978], [582845.2657139433, 6060807.661204889]]]}}, {"type": "Feature", "properties": {"id": "rud_s-10-16", "kind": "plot", "zone": "rud_s", "storeys": 2, "source": "1842 plan of Vilnius (Polona, public domain), traced; plots split at ~13 m frontage (conjecture)", "grade": "B-block/C-plot"}, "geometry": {"type": "Polygon", "coordinates": [[[582850.7664349736, 6060819.289542889], [582847.0401138525, 6060823.683784797], [582854.4231309553, 6060831.954845192], [582858.1906164851, 6060830.379735073], [582855.0156452871, 6060822.787041118], [582853.71504825, 6060818.427889569], [582850.7664349736, 6060819.289542889]]]}}, {"type": "Feature", "properties": {"id": "rud_s-10-17", "kind": "plot", "zone": "rud_s", "storeys": 2, "source": "1842 plan of Vilnius (Polona, public domain), traced; plots split at ~13 m frontage (conjecture)", "grade": "B-block/C-plot"}, "geometry": {"type": "Polygon", "coordinates": [[[582854.4231309553, 6060831.954845192], [582850.8209318144, 6060836.529810534], [582859.0238639425, 6060843.265259478], [582860.4837935553, 6060842.0125849545], [582860.9908444185, 6060841.008703385], [582860.7367315952, 6060836.468271206], [582858.1906164851, 6060830.379735073], [582854.4231309553, 6060831.954845192]]]}}, {"type": "Feature", "properties": {"id": "rud_s-11-0", "kind": "plot", "zone": "rud_s", "storeys": 2, "source": "1842 plan of Vilnius (Polona, public domain), traced; plots split at ~13 m frontage (conjecture)", "grade": "B-block/C-plot"}, "geometry": {"type": "Polygon", "coordinates": [[[582822.2461214194, 6060784.812057289], [582821.5356755984, 6060783.449407039], [582821.7317182774, 6060781.5554128755], [582823.8282218628, 6060780.121804231], [582820.1030873501, 6060780.014970354], [582818.7607244587, 6060792.421256532], [582820.0112115061, 6060791.731157185], [582821.9896435644, 6060788.757596026], [582822.2461214194, 6060784.812057289]]]}}, {"type": "Feature", "properties": {"id": "vok_sw-12-0", "kind": "plot", "zone": "vok_sw", "storeys": 3, "source": "1842 plan of Vilnius (Polona, public domain), traced; plots split at ~13 m frontage (conjecture)", "grade": "B-block/C-plot"}, "geometry": {"type": "Polygon", "coordinates": [[[582779.8716069869, 6061038.910261968], [582778.2398214142, 6061036.201311764], [582775.9922281131, 6061038.231800912], [582775.5004502136, 6061038.224528216], [582762.4170521752, 6061022.888538877], [582761.0790193263, 6061022.742234787], [582771.5384261851, 6061043.07685237], [582779.8716069869, 6061038.910261968]]]}}, {"type": "Feature", "properties": {"id": "vok_sw-12-1", "kind": "plot", "zone": "vok_sw", "storeys": 2, "source": "1842 plan of Vilnius (Polona, public domain), traced; plots split at ~13 m frontage (conjecture)", "grade": "B-block/C-plot"}, "geometry": {"type": "Polygon", "coordinates": [[[582781.0217347542, 6061006.181156503], [582779.4838913585, 6061004.854864199], [582773.901873328, 6061008.456932758], [582777.2711266509, 6061013.678128226], [582781.0217347542, 6061006.181156503]]]}}, {"type": "Feature", "properties": {"id": "vok_sw-12-2", "kind": "plot", "zone": "vok_sw", "storeys": 2, "source": "1842 plan of Vilnius (Polona, public domain), traced; plots split at ~13 m frontage (conjecture)", "grade": "B-block/C-plot"}, "geometry": {"type": "Polygon", "coordinates": [[[582780.9669193628, 6061040.101294052], [582779.8716069869, 6061038.910261968], [582771.5384261851, 6061043.07685237], [582773.8587118724, 6061047.683677751], [582775.4730808686, 6061045.8271364095], [582778.8988789549, 6061048.910090805], [582779.7562147597, 6061048.20499607], [582780.9669193628, 6061040.101294052]]]}}, {"type": "Feature", "properties": {"id": "vok_sw-12-3", "kind": "plot", "zone": "vok_sw", "storeys": 3, "source": "1842 plan of Vilnius (Polona, public domain), traced; plots split at ~13 m frontage (conjecture)", "grade": "B-block/C-plot"}, "geometry": {"type": "Polygon", "coordinates": [[[582789.1498485821, 6061025.187538368], [582787.6359701755, 6061013.3694302635], [582778.7023777193, 6061015.896080061], [582783.601548867, 6061023.600652678], [582785.7088572143, 6061025.709103963], [582789.1498485821, 6061025.187538368]]]}}, {"type": "Feature", "properties": {"id": "vok_sw-12-4", "kind": "plot", "zone": "vok_sw", "storeys": 2, "source": "1842 plan of Vilnius (Polona, public domain), traced; plots split at ~13 m frontage (conjecture)", "grade": "B-block/C-plot"}, "geometry": {"type": "Polygon", "coordinates": [[[582779.4838913585, 6061004.854864199], [582777.9841424507, 6061003.006617765], [582775.2116404136, 6061002.362017339], [582774.2494741481, 6061000.764466441], [582772.4489060743, 6060999.884420536], [582770.4994741473, 6060996.514466439], [582768.7301784692, 6060995.708880656], [582767.0110376324, 6060993.763742563], [582764.7637832955, 6060992.491213738], [582762.6525898972, 6060990.254747736], [582773.901873328, 6061008.456932758], [582779.4838913585, 6061004.854864199]]]}}, {"type": "Feature", "properties": {"id": "vok_sw-12-5", "kind": "plot", "zone": "vok_sw", "storeys": 2, "source": "1842 plan of Vilnius (Polona, public domain), traced; plots split at ~13 m frontage (conjecture)", "grade": "B-block/C-plot"}, "geometry": {"type": "Polygon", "coordinates": [[[582823.0809605462, 6060992.580341356], [582815.3782533804, 6060985.0], [582814.5519176237, 6060985.206941089], [582815.4825183806, 6060986.536134567], [582815.4155470231, 6060986.983484174], [582808.5895358943, 6060992.134589145], [582810.7789192183, 6060995.658663136], [582823.0809605462, 6060992.580341356]]]}}, {"type": "Feature", "properties": {"id": "vok_sw-12-6", "kind": "plot", "zone": "vok_sw", "storeys": 3, "source": "1842 plan of Vilnius (Polona, public domain), traced; plots split at ~13 m frontage (conjecture)", "grade": "B-block/C-plot"}, "geometry": {"type": "Polygon", "coordinates": [[[582777.2711266509, 6061013.678128226], [582778.7023777193, 6061015.896080061], [582787.6359701755, 6061013.3694302635], [582788.1082097886, 6061012.717853683], [582783.7552795776, 6061008.00711645], [582781.0217347542, 6061006.181156503], [582777.2711266509, 6061013.678128226]]]}}, {"type": "Feature", "properties": {"id": "vok_sw-12-7", "kind": "plot", "zone": "vok_sw", "storeys": 2, "source": "1842 plan of Vilnius (Polona, public domain), traced; plots split at ~13 m frontage (conjecture)", "grade": "B-block/C-plot"}, "geometry": {"type": "Polygon", "coordinates": [[[582824.4587875479, 6060957.341088959], [582819.202787185, 6060955.086388695], [582808.2885046003, 6060960.196468558], [582810.5002861214, 6060962.256088784], [582814.807959198, 6060967.639957051], [582824.4587875479, 6060957.341088959]]]}}, {"type": "Feature", "properties": {"id": "vok_sw-12-8", "kind": "plot", "zone": "vok_sw", "storeys": 3, "source": "1842 plan of Vilnius (Polona, public domain), traced; plots split at ~13 m frontage (conjecture)", "grade": "B-block/C-plot"}, "geometry": {"type": "Polygon", "coordinates": [[[582779.8716069869, 6061038.910261968], [582780.9669193628, 6061040.101294052], [582786.6806287274, 6061039.115603585], [582788.3975587954, 6061037.309720601], [582783.5124868259, 6061031.11853708], [582782.8144565925, 6061031.330812554], [582780.104040912, 6061028.4830684215], [582779.391472037, 6061028.925564606], [582777.8370552709, 6061028.933834945], [582781.4150708441, 6061033.050047444], [582778.2398214142, 6061036.201311764], [582779.8716069869, 6061038.910261968]]]}}, {"type": "Feature", "properties": {"id": "vok_sw-12-9", "kind": "plot", "zone": "vok_sw", "storeys": 3, "source": "1842 plan of Vilnius (Polona, public domain), traced; plots split at ~13 m frontage (conjecture)", "grade": "B-block/C-plot"}, "geometry": {"type": "Polygon", "coordinates": [[[582779.7562147597, 6061048.20499607], [582782.4764353517, 6061045.452385225], [582784.882788768, 6061047.639785737], [582789.1404522529, 6061043.362984639], [582786.6806287274, 6061039.115603585], [582780.9669193628, 6061040.101294052], [582779.7562147597, 6061048.20499607]]]}}, {"type": "Feature", "properties": {"id": "vok_sw-12-10", "kind": "plot", "zone": "vok_sw", "storeys": 2, "source": "1842 plan of Vilnius (Polona, public domain), traced; plots split at ~13 m frontage (conjecture)", "grade": "B-block/C-plot"}, "geometry": {"type": "Polygon", "coordinates": [[[582788.3975587954, 6061037.309720601], [582793.4804797823, 6061034.162893657], [582792.8815191827, 6061029.311448625], [582791.633787056, 6061026.20612515], [582789.1498485821, 6061025.187538368], [582785.7088572143, 6061025.709103963], [582787.1444970607, 6061027.488205614], [582783.5124868259, 6061031.11853708], [582788.3975587954, 6061037.309720601]]]}}, {"type": "Feature", "properties": {"id": "vok_sw-12-11", "kind": "plot", "zone": "vok_sw", "storeys": 3, "source": "1842 plan of Vilnius (Polona, public domain), traced; plots split at ~13 m frontage (conjecture)", "grade": "B-block/C-plot"}, "geometry": {"type": "Polygon", "coordinates": [[[582789.1498485821, 6061025.187538368], [582791.633787056, 6061026.20612515], [582798.4037521022, 6061020.628576121], [582793.3964735101, 6061014.41230466], [582792.3573094056, 6061014.946688925], [582790.8037278723, 6061014.741465591], [582788.1082097886, 6061012.717853683], [582787.6359701755, 6061013.3694302635], [582789.1498485821, 6061025.187538368]]]}}, {"type": "Feature", "properties": {"id": "vok_sw-12-12", "kind": "plot", "zone": "vok_sw", "storeys": 2, "source": "1842 plan of Vilnius (Polona, public domain), traced; plots split at ~13 m frontage (conjecture)", "grade": "B-block/C-plot"}, "geometry": {"type": "Polygon", "coordinates": [[[582789.1404522529, 6061043.362984639], [582784.882788768, 6061047.639785737], [582787.6095101163, 6061050.4901088765], [582785.3126678183, 6061055.281671944], [582786.493308206, 6061054.494986048], [582787.2769922221, 6061052.468252762], [582792.2589182389, 6061045.639959803], [582789.1404522529, 6061043.362984639]]]}}, {"type": "Feature", "properties": {"id": "vok_sw-12-13", "kind": "plot", "zone": "vok_sw", "storeys": 3, "source": "1842 plan of Vilnius (Polona, public domain), traced; plots split at ~13 m frontage (conjecture)", "grade": "B-block/C-plot"}, "geometry": {"type": "Polygon", "coordinates": [[[582789.1404522529, 6061043.362984639], [582792.2589182389, 6061045.639959803], [582798.0045225661, 6061037.770979963], [582793.4804797823, 6061034.162893657], [582788.3975587954, 6061037.309720601], [582786.6806287274, 6061039.115603585], [582789.1404522529, 6061043.362984639]]]}}, {"type": "Feature", "properties": {"id": "vok_sw-12-14", "kind": "plot", "zone": "vok_sw", "storeys": 3, "source": "1842 plan of Vilnius (Polona, public domain), traced; plots split at ~13 m frontage (conjecture)", "grade": "B-block/C-plot"}, "geometry": {"type": "Polygon", "coordinates": [[[582811.6326121626, 6061018.491473524], [582803.8929625279, 6061026.633707943], [582803.1037732089, 6061026.333407839], [582799.980020193, 6061029.205576736], [582803.058671191, 6061031.995604203], [582806.034299761, 6061028.720513389], [582813.515917658, 6061022.224531747], [582814.1522721496, 6061021.206364561], [582811.6326121626, 6061018.491473524]]]}}, {"type": "Feature", "properties": {"id": "vok_sw-12-15", "kind": "plot", "zone": "vok_sw", "storeys": 2, "source": "1842 plan of Vilnius (Polona, public domain), traced; plots split at ~13 m frontage (conjecture)", "grade": "B-block/C-plot"}, "geometry": {"type": "Polygon", "coordinates": [[[582798.0045225661, 6061037.770979963], [582803.058671191, 6061031.995604203], [582799.980020193, 6061029.205576736], [582792.8815191827, 6061029.311448625], [582793.4804797823, 6061034.162893657], [582798.0045225661, 6061037.770979963]]]}}, {"type": "Feature", "properties": {"id": "vok_sw-12-16", "kind": "plot", "zone": "vok_sw", "storeys": 3, "source": "1842 plan of Vilnius (Polona, public domain), traced; plots split at ~13 m frontage (conjecture)", "grade": "B-block/C-plot"}, "geometry": {"type": "Polygon", "coordinates": [[[582822.5147482957, 6061000.885696219], [582825.678643615, 6060993.790405715], [582823.0809605462, 6060992.580341356], [582810.7789192183, 6060995.658663136], [582816.497895095, 6061004.69380075], [582822.5147482957, 6061000.885696219]]]}}, {"type": "Feature", "properties": {"id": "vok_sw-12-17", "kind": "plot", "zone": "vok_sw", "storeys": 3, "source": "1842 plan of Vilnius (Polona, public domain), traced; plots split at ~13 m frontage (conjecture)", "grade": "B-block/C-plot"}, "geometry": {"type": "Polygon", "coordinates": [[[582797.9303478355, 6061029.083889491], [582799.980020193, 6061029.205576736], [582803.1037732089, 6061026.333407839], [582798.4037521022, 6061020.628576121], [582791.633787056, 6061026.20612515], [582792.8815191827, 6061029.311448625], [582797.9303478355, 6061029.083889491]]]}}, {"type": "Feature", "properties": {"id": "vok_sw-12-18", "kind": "plot", "zone": "vok_sw", "storeys": 2, "source": "1842 plan of Vilnius (Polona, public domain), traced; plots split at ~13 m frontage (conjecture)", "grade": "B-block/C-plot"}, "geometry": {"type": "Polygon", "coordinates": [[[582826.4109123072, 6061006.7394975675], [582820.1709956683, 6061010.4967574105], [582820.1781283182, 6061011.118878182], [582811.4093478832, 6061018.213452353], [582814.1522721496, 6061021.206364561], [582814.8229893048, 6061020.203007943], [582819.0052320481, 6061017.244600995], [582824.8968141242, 6061011.599026064], [582826.747511513, 6061010.74644912], [582828.3200077123, 6061009.075325107], [582826.4109123072, 6061006.7394975675]]]}}, {"type": "Feature", "properties": {"id": "vok_sw-12-19", "kind": "plot", "zone": "vok_sw", "storeys": 2, "source": "1842 plan of Vilnius (Polona, public domain), traced; plots split at ~13 m frontage (conjecture)", "grade": "B-block/C-plot"}, "geometry": {"type": "Polygon", "coordinates": [[[582826.4109123072, 6061006.7394975675], [582822.5147482957, 6061000.885696219], [582816.497895095, 6061004.69380075], [582820.1709956683, 6061010.4967574105], [582826.4109123072, 6061006.7394975675]]]}}, {"type": "Feature", "properties": {"id": "vok_sw-12-20", "kind": "plot", "zone": "vok_sw", "storeys": 2, "source": "1842 plan of Vilnius (Polona, public domain), traced; plots split at ~13 m frontage (conjecture)", "grade": "B-block/C-plot"}, "geometry": {"type": "Polygon", "coordinates": [[[582819.202787185, 6060955.086388695], [582824.4587875479, 6060957.341088959], [582829.5122613949, 6060957.089319096], [582829.4494172345, 6060951.66219127], [582821.7311420984, 6060941.265880338], [582813.0893324559, 6060948.543193721], [582819.202787185, 6060955.086388695]]]}}, {"type": "Feature", "properties": {"id": "vok_sw-12-21", "kind": "plot", "zone": "vok_sw", "storeys": 2, "source": "1842 plan of Vilnius (Polona, public domain), traced; plots split at ~13 m frontage (conjecture)", "grade": "B-block/C-plot"}, "geometry": {"type": "Polygon", "coordinates": [[[582819.202787185, 6060955.086388695], [582813.0893324559, 6060948.543193721], [582806.0412183182, 6060955.956766439], [582806.0038293513, 6060957.47839454], [582808.2885046003, 6060960.196468558], [582819.202787185, 6060955.086388695]]]}}, {"type": "Feature", "properties": {"id": "vok_sw-12-22", "kind": "plot", "zone": "vok_sw", "storeys": 2, "source": "1842 plan of Vilnius (Polona, public domain), traced; plots split at ~13 m frontage (conjecture)", "grade": "B-block/C-plot"}, "geometry": {"type": "Polygon", "coordinates": [[[582837.4884241418, 6060974.945393041], [582839.8126236796, 6060971.677848087], [582834.34014434, 6060962.114703333], [582832.0407244818, 6060959.132072536], [582829.5122613949, 6060957.089319096], [582824.4587875479, 6060957.341088959], [582814.807959198, 6060967.639957051], [582818.6912598078, 6060971.460839872], [582820.9773274106, 6060971.588481765], [582821.2484175415, 6060974.468095299], [582822.8259336242, 6060975.918340262], [582837.4884241418, 6060974.945393041]]]}}, {"type": "Feature", "properties": {"id": "vok_sw-12-23", "kind": "plot", "zone": "vok_sw", "storeys": 2, "source": "1842 plan of Vilnius (Polona, public domain), traced; plots split at ~13 m frontage (conjecture)", "grade": "B-block/C-plot"}, "geometry": {"type": "Polygon", "coordinates": [[[582823.9839791592, 6060943.941124348], [582829.8753800184, 6060938.786148592], [582828.7743354157, 6060937.533012779], [582826.4677909048, 6060937.282473305], [582821.7311420984, 6060941.265880338], [582823.9839791592, 6060943.941124348]]]}}, {"type": "Feature", "properties": {"id": "vok_sw-12-24", "kind": "plot", "zone": "vok_sw", "storeys": 2, "source": "1842 plan of Vilnius (Polona, public domain), traced; plots split at ~13 m frontage (conjecture)", "grade": "B-block/C-plot"}, "geometry": {"type": "Polygon", "coordinates": [[[582835.4750050803, 6060933.886476658], [582832.8976931894, 6060930.523077901], [582828.3709492678, 6060933.510785202], [582829.2457103925, 6060935.730356016], [582830.2983068064, 6060936.499155506], [582832.4881212638, 6060936.5], [582835.4750050803, 6060933.886476658]]]}}, {"type": "Feature", "properties": {"id": "vok_sw-12-25", "kind": "plot", "zone": "vok_sw", "storeys": 2, "source": "1842 plan of Vilnius (Polona, public domain), traced; plots split at ~13 m frontage (conjecture)", "grade": "B-block/C-plot"}, "geometry": {"type": "Polygon", "coordinates": [[[582829.4494172345, 6060951.66219127], [582833.8906982199, 6060942.648488754], [582832.249671434, 6060941.491349659], [582829.8753800184, 6060938.786148592], [582823.9839791592, 6060943.941124348], [582829.4494172345, 6060951.66219127]]]}}, {"type": "Feature", "properties": {"id": "vok_sw-12-26", "kind": "plot", "zone": "vok_sw", "storeys": 2, "source": "1842 plan of Vilnius (Polona, public domain), traced; plots split at ~13 m frontage (conjecture)", "grade": "B-block/C-plot"}, "geometry": {"type": "Polygon", "coordinates": [[[582823.0809605462, 6060992.580341356], [582825.678643615, 6060993.790405715], [582828.1988806002, 6060992.850839988], [582835.9726550072, 6060983.600717482], [582837.4884241418, 6060974.945393041], [582822.8259336242, 6060975.918340262], [582823.7175022664, 6060976.881311607], [582823.5705487411, 6060978.382827215], [582815.3782533804, 6060985.0], [582823.0809605462, 6060992.580341356]]]}}, {"type": "Feature", "properties": {"id": "vok_sw-12-27", "kind": "plot", "zone": "vok_sw", "storeys": 2, "source": "1842 plan of Vilnius (Polona, public domain), traced; plots split at ~13 m frontage (conjecture)", "grade": "B-block/C-plot"}, "geometry": {"type": "Polygon", "coordinates": [[[582835.9726550072, 6060983.600717482], [582828.1988806002, 6060992.850839988], [582835.7590345292, 6061002.926206838], [582837.5235886008, 6061000.77546969], [582840.4892032972, 6060999.737551297], [582841.3028908778, 6060998.234427485], [582844.2417678656, 6060996.2544850055], [582845.4389919899, 6060994.862842678], [582835.9726550072, 6060983.600717482]]]}}, {"type": "Feature", "properties": {"id": "vok_sw-12-28", "kind": "plot", "zone": "vok_sw", "storeys": 2, "source": "1842 plan of Vilnius (Polona, public domain), traced; plots split at ~13 m frontage (conjecture)", "grade": "B-block/C-plot"}, "geometry": {"type": "Polygon", "coordinates": [[[582828.1988806002, 6060992.850839988], [582825.678643615, 6060993.790405715], [582822.5147482957, 6061000.885696219], [582828.3200077123, 6061009.075325107], [582830.448981313, 6061006.811804972], [582832.247215576, 6061005.996111573], [582834.3960230656, 6061003.622457261], [582835.7590345292, 6061002.926206838], [582828.1988806002, 6060992.850839988]]]}}, {"type": "Feature", "properties": {"id": "vok_sw-12-29", "kind": "plot", "zone": "vok_sw", "storeys": 2, "source": "1842 plan of Vilnius (Polona, public domain), traced; plots split at ~13 m frontage (conjecture)", "grade": "B-block/C-plot"}, "geometry": {"type": "Polygon", "coordinates": [[[582839.8126236796, 6060971.677848087], [582844.9822037761, 6060971.294366981], [582847.8036509771, 6060969.943292622], [582853.1354668622, 6060956.321920176], [582851.0030142132, 6060953.512267359], [582849.4534299049, 6060952.688432302], [582847.7051073213, 6060950.655958542], [582834.34014434, 6060962.114703333], [582839.8126236796, 6060971.677848087]]]}}, {"type": "Feature", "properties": {"id": "vok_sw-12-30", "kind": "plot", "zone": "vok_sw", "storeys": 2, "source": "1842 plan of Vilnius (Polona, public domain), traced; plots split at ~13 m frontage (conjecture)", "grade": "B-block/C-plot"}, "geometry": {"type": "Polygon", "coordinates": [[[582846.9050110362, 6060927.230176578], [582846.7354738892, 6060924.745773425], [582844.7053194791, 6060922.414181039], [582841.7710517886, 6060916.784159829], [582841.241079782, 6060914.4941624105], [582840.2804310935, 6060913.288038867], [582837.9992218129, 6060912.253212604], [582834.2417976063, 6060912.094457412], [582834.2734877229, 6060912.415247589], [582836.2669381709, 6060913.3995985985], [582842.7665553781, 6060923.94965667], [582837.1107868581, 6060927.842315587], [582846.9050110362, 6060927.230176578]]]}}, {"type": "Feature", "properties": {"id": "vok_sw-12-31", "kind": "plot", "zone": "vok_sw", "storeys": 2, "source": "1842 plan of Vilnius (Polona, public domain), traced; plots split at ~13 m frontage (conjecture)", "grade": "B-block/C-plot"}, "geometry": {"type": "Polygon", "coordinates": [[[582829.5122613949, 6060957.089319096], [582832.0407244818, 6060959.132072536], [582843.2932428032, 6060946.413253249], [582839.9864355786, 6060943.50771477], [582834.9110928493, 6060943.254366457], [582833.8906982199, 6060942.648488754], [582829.4494172345, 6060951.66219127], [582829.5122613949, 6060957.089319096]]]}}, {"type": "Feature", "properties": {"id": "vok_sw-12-32", "kind": "plot", "zone": "vok_sw", "storeys": 2, "source": "1842 plan of Vilnius (Polona, public domain), traced; plots split at ~13 m frontage (conjecture)", "grade": "B-block/C-plot"}, "geometry": {"type": "Polygon", "coordinates": [[[582843.3324503516, 6060930.831381258], [582844.8294639974, 6060930.766564742], [582845.5250433295, 6060931.312195579], [582847.2463158856, 6060934.991022289], [582849.2575258913, 6060937.783391563], [582851.4967798064, 6060943.98926817], [582852.9013149248, 6060946.20206631], [582855.4036176859, 6060944.057235372], [582849.7575429655, 6060934.252813412], [582848.5053947271, 6060930.519140045], [582847.0533855273, 6060928.763189238], [582846.9050110362, 6060927.230176578], [582837.1107868581, 6060927.842315587], [582832.8976931894, 6060930.523077901], [582835.9253493018, 6060934.4291160535], [582843.3324503516, 6060930.831381258]]]}}, {"type": "Feature", "properties": {"id": "vok_sw-12-33", "kind": "plot", "zone": "vok_sw", "storeys": 2, "source": "1842 plan of Vilnius (Polona, public domain), traced; plots split at ~13 m frontage (conjecture)", "grade": "B-block/C-plot"}, "geometry": {"type": "Polygon", "coordinates": [[[582856.8124655886, 6060971.763352536], [582847.8036509771, 6060969.943292622], [582844.9822037761, 6060971.294366981], [582856.2435544191, 6060987.503867348], [582857.4885515758, 6060986.752404115], [582858.3461693389, 6060985.439412633], [582861.9895668726, 6060983.005419764], [582863.4913635695, 6060981.060983408], [582864.6857570164, 6060980.66121228], [582856.8124655886, 6060971.763352536]]]}}, {"type": "Feature", "properties": {"id": "vok_sw-12-34", "kind": "plot", "zone": "vok_sw", "storeys": 2, "source": "1842 plan of Vilnius (Polona, public domain), traced; plots split at ~13 m frontage (conjecture)", "grade": "B-block/C-plot"}, "geometry": {"type": "Polygon", "coordinates": [[[582839.8126236796, 6060971.677848087], [582837.4884241418, 6060974.945393041], [582835.9726550072, 6060983.600717482], [582845.4389919899, 6060994.862842678], [582847.0283031948, 6060994.22033967], [582850.0819250875, 6060991.20106354], [582856.2435544191, 6060987.503867348], [582844.9822037761, 6060971.294366981], [582839.8126236796, 6060971.677848087]]]}}, {"type": "Feature", "properties": {"id": "vok_sw-12-35", "kind": "plot", "zone": "vok_sw", "storeys": 2, "source": "1842 plan of Vilnius (Polona, public domain), traced; plots split at ~13 m frontage (conjecture)", "grade": "B-block/C-plot"}, "geometry": {"type": "Polygon", "coordinates": [[[582834.4085065114, 6060962.05304495], [582847.7051073213, 6060950.655958542], [582843.2932428032, 6060946.413253249], [582832.0407244818, 6060959.132072536], [582834.4085065114, 6060962.05304495]]]}}, {"type": "Feature", "properties": {"id": "vok_sw-12-36", "kind": "plot", "zone": "vok_sw", "storeys": 2, "source": "1842 plan of Vilnius (Polona, public domain), traced; plots split at ~13 m frontage (conjecture)", "grade": "B-block/C-plot"}, "geometry": {"type": "Polygon", "coordinates": [[[582855.4036176859, 6060944.057235372], [582852.9013149248, 6060946.20206631], [582854.9995293745, 6060949.50468068], [582857.4326339335, 6060955.095058047], [582857.4667452342, 6060956.896094305], [582856.541308196, 6060957.907636192], [582855.2182202264, 6060957.994801403], [582853.1354668622, 6060956.321920176], [582847.8105024118, 6060969.932480175], [582864.0857735716, 6060959.921547143], [582863.0015539484, 6060957.760776847], [582861.0609834142, 6060956.258636438], [582860.4992263599, 6060954.512217558], [582859.4761406876, 6060953.4192060195], [582857.7422974657, 6060948.735279274], [582855.4036176859, 6060944.057235372]]]}}, {"type": "Feature", "properties": {"id": "vok_sw-12-37", "kind": "plot", "zone": "vok_sw", "storeys": 2, "source": "1842 plan of Vilnius (Polona, public domain), traced; plots split at ~13 m frontage (conjecture)", "grade": "B-block/C-plot"}, "geometry": {"type": "Polygon", "coordinates": [[[582862.2077783863, 6060970.434239142], [582856.8124655886, 6060971.763352536], [582864.6857570164, 6060980.66121228], [582865.2787175599, 6060980.451979846], [582866.5289634452, 6060978.5260273535], [582868.2387296483, 6060977.726967264], [582868.9340603438, 6060975.06619971], [582862.2077783863, 6060970.434239142]]]}}, {"type": "Feature", "properties": {"id": "vok_sw-12-38", "kind": "plot", "zone": "vok_sw", "storeys": 2, "source": "1842 plan of Vilnius (Polona, public domain), traced; plots split at ~13 m frontage (conjecture)", "grade": "B-block/C-plot"}, "geometry": {"type": "Polygon", "coordinates": [[[582862.2077783863, 6060970.434239142], [582868.1697685953, 6060966.241235856], [582865.5057404084, 6060962.751986444], [582864.0857735716, 6060959.921547143], [582847.8036509771, 6060969.943292622], [582856.8124655886, 6060971.763352536], [582862.2077783863, 6060970.434239142]]]}}, {"type": "Feature", "properties": {"id": "vok_sw-12-39", "kind": "plot", "zone": "vok_sw", "storeys": 3, "source": "1842 plan of Vilnius (Polona, public domain), traced; plots split at ~13 m frontage (conjecture)", "grade": "B-block/C-plot"}, "geometry": {"type": "Polygon", "coordinates": [[[582868.9340603438, 6060975.06619971], [582870.0114890531, 6060974.496936822], [582870.773036216, 6060975.095638985], [582871.514079623, 6060985.180528634], [582875.9556269434, 6060979.9357380625], [582869.7967385952, 6060968.368884866], [582869.1021678735, 6060967.940313267], [582868.1697685953, 6060966.241235856], [582862.2077783863, 6060970.434239142], [582868.9340603438, 6060975.06619971]]]}}, {"type": "Feature", "properties": {"id": "vok_sw-13-0", "kind": "plot", "zone": "vok_sw", "storeys": 2, "source": "1842 plan of Vilnius (Polona, public domain), traced; plots split at ~13 m frontage (conjecture)", "grade": "B-block/C-plot"}, "geometry": {"type": "Polygon", "coordinates": [[[582793.5576848921, 6061061.694581041], [582791.26370861, 6061066.234588936], [582791.2510099045, 6061067.922866358], [582793.9948766116, 6061069.938095318], [582798.8572981801, 6061065.1427018205], [582793.5576848921, 6061061.694581041]]]}}, {"type": "Feature", "properties": {"id": "vok_sw-13-1", "kind": "plot", "zone": "vok_sw", "storeys": 3, "source": "1842 plan of Vilnius (Polona, public domain), traced; plots split at ~13 m frontage (conjecture)", "grade": "B-block/C-plot"}, "geometry": {"type": "Polygon", "coordinates": [[[582797.932657046, 6061054.127832888], [582796.5756441198, 6061057.2564057065], [582801.307692233, 6061062.692307767], [582807.368768105, 6061056.631231895], [582797.932657046, 6061054.127832888]]]}}, {"type": "Feature", "properties": {"id": "vok_sw-13-2", "kind": "plot", "zone": "vok_sw", "storeys": 2, "source": "1842 plan of Vilnius (Polona, public domain), traced; plots split at ~13 m frontage (conjecture)", "grade": "B-block/C-plot"}, "geometry": {"type": "Polygon", "coordinates": [[[582798.8572981801, 6061065.1427018205], [582801.307692233, 6061062.692307767], [582796.5756441198, 6061057.2564057065], [582793.5576848921, 6061061.694581041], [582798.8572981801, 6061065.1427018205]]]}}, {"type": "Feature", "properties": {"id": "vok_sw-13-3", "kind": "plot", "zone": "vok_sw", "storeys": 3, "source": "1842 plan of Vilnius (Polona, public domain), traced; plots split at ~13 m frontage (conjecture)", "grade": "B-block/C-plot"}, "geometry": {"type": "Polygon", "coordinates": [[[582807.368768105, 6061056.631231895], [582808.8501934878, 6061055.1498065125], [582804.4930352969, 6061045.601539494], [582803.4955612613, 6061046.510972253], [582801.7165723688, 6061049.7729783915], [582798.5039566434, 6061052.75275356], [582797.932657046, 6061054.127832888], [582807.368768105, 6061056.631231895]]]}}, {"type": "Feature", "properties": {"id": "vok_sw-13-4", "kind": "plot", "zone": "vok_sw", "storeys": 2, "source": "1842 plan of Vilnius (Polona, public domain), traced; plots split at ~13 m frontage (conjecture)", "grade": "B-block/C-plot"}, "geometry": {"type": "Polygon", "coordinates": [[[582805.3034319805, 6061044.868323446], [582804.4930352969, 6061045.601539494], [582808.8501934878, 6061055.1498065125], [582817.0395417394, 6061046.960458261], [582805.3034319805, 6061044.868323446]]]}}, {"type": "Feature", "properties": {"id": "vok_sw-13-5", "kind": "plot", "zone": "vok_sw", "storeys": 2, "source": "1842 plan of Vilnius (Polona, public domain), traced; plots split at ~13 m frontage (conjecture)", "grade": "B-block/C-plot"}, "geometry": {"type": "Polygon", "coordinates": [[[582817.0395417394, 6061046.960458261], [582817.286848795, 6061046.713151205], [582813.8680994317, 6061036.308500406], [582811.4944564048, 6061038.009455278], [582808.7433591873, 6061041.750823206], [582805.3034319805, 6061044.868323446], [582817.0395417394, 6061046.960458261]]]}}, {"type": "Feature", "properties": {"id": "vok_sw-13-6", "kind": "plot", "zone": "vok_sw", "storeys": 2, "source": "1842 plan of Vilnius (Polona, public domain), traced; plots split at ~13 m frontage (conjecture)", "grade": "B-block/C-plot"}, "geometry": {"type": "Polygon", "coordinates": [[[582814.0892812577, 6061036.150513387], [582813.8680994317, 6061036.308500406], [582817.286848795, 6061046.713151205], [582825.2024274156, 6061038.147269158], [582814.0892812577, 6061036.150513387]]]}}, {"type": "Feature", "properties": {"id": "vok_sw-13-7", "kind": "plot", "zone": "vok_sw", "storeys": 2, "source": "1842 plan of Vilnius (Polona, public domain), traced; plots split at ~13 m frontage (conjecture)", "grade": "B-block/C-plot"}, "geometry": {"type": "Polygon", "coordinates": [[[582825.2024274156, 6061038.147269158], [582826.2184039027, 6061037.00429561], [582822.0772510616, 6061028.133881548], [582814.0892812577, 6061036.150513387], [582825.2024274156, 6061038.147269158]]]}}, {"type": "Feature", "properties": {"id": "vok_sw-13-8", "kind": "plot", "zone": "vok_sw", "storeys": 3, "source": "1842 plan of Vilnius (Polona, public domain), traced; plots split at ~13 m frontage (conjecture)", "grade": "B-block/C-plot"}, "geometry": {"type": "Polygon", "coordinates": [[[582823.5128713681, 6061026.639664494], [582822.0772510616, 6061028.133881548], [582826.2184039027, 6061037.00429561], [582833.2391600269, 6061029.10594497], [582823.5128713681, 6061026.639664494]]]}}, {"type": "Feature", "properties": {"id": "vok_sw-13-9", "kind": "plot", "zone": "vok_sw", "storeys": 2, "source": "1842 plan of Vilnius (Polona, public domain), traced; plots split at ~13 m frontage (conjecture)", "grade": "B-block/C-plot"}, "geometry": {"type": "Polygon", "coordinates": [[[582833.2391600269, 6061029.10594497], [582834.8884602686, 6061027.250482198], [582830.9343005166, 6061019.91592268], [582827.2449874289, 6061022.755619601], [582823.5128713681, 6061026.639664494], [582833.2391600269, 6061029.10594497]]]}}, {"type": "Feature", "properties": {"id": "vok_sw-13-10", "kind": "plot", "zone": "vok_sw", "storeys": 2, "source": "1842 plan of Vilnius (Polona, public domain), traced; plots split at ~13 m frontage (conjecture)", "grade": "B-block/C-plot"}, "geometry": {"type": "Polygon", "coordinates": [[[582834.312459646, 6061017.187540354], [582830.9343005166, 6061019.91592268], [582834.8884602686, 6061027.250482198], [582840.5014253418, 6061020.935896491], [582834.312459646, 6061017.187540354]]]}}, {"type": "Feature", "properties": {"id": "vok_sw-13-11", "kind": "plot", "zone": "vok_sw", "storeys": 2, "source": "1842 plan of Vilnius (Polona, public domain), traced; plots split at ~13 m frontage (conjecture)", "grade": "B-block/C-plot"}, "geometry": {"type": "Polygon", "coordinates": [[[582840.5014253418, 6061020.935896491], [582843.21891334, 6061017.878722493], [582838.9263075411, 6061012.573692459], [582834.312459646, 6061017.187540354], [582840.5014253418, 6061020.935896491]]]}}, {"type": "Feature", "properties": {"id": "vok_sw-13-12", "kind": "plot", "zone": "vok_sw", "storeys": 2, "source": "1842 plan of Vilnius (Polona, public domain), traced; plots split at ~13 m frontage (conjecture)", "grade": "B-block/C-plot"}, "geometry": {"type": "Polygon", "coordinates": [[[582843.21891334, 6061017.878722493], [582852.0011725057, 6061007.998632077], [582864.5216313369, 6060993.090769427], [582863.7288136436, 6060993.264124237], [582856.2758361781, 6060998.232775882], [582855.2354496752, 6060999.490389659], [582852.0186959232, 6061001.2410797905], [582850.9489915901, 6061002.505901771], [582849.2623184893, 6061003.249236337], [582846.7434224016, 6061006.485207948], [582843.7667048429, 6061008.241234598], [582841.7447804934, 6061010.737277879], [582838.9263075411, 6061012.573692459], [582843.21891334, 6061017.878722493]]]}}, {"type": "Feature", "properties": {"id": "vok_sw-14-0", "kind": "plot", "zone": "vok_sw", "storeys": 3, "source": "1842 plan of Vilnius (Polona, public domain), traced; plots split at ~13 m frontage (conjecture)", "grade": "B-block/C-plot"}, "geometry": {"type": "Polygon", "coordinates": [[[582802.2804554102, 6060915.49032477], [582794.260256039, 6060911.486340004], [582797.0185994803, 6060919.976859155], [582798.4806714993, 6060920.0], [582802.2804554102, 6060915.49032477]]]}}, {"type": "Feature", "properties": {"id": "vok_sw-14-1", "kind": "plot", "zone": "vok_sw", "storeys": 2, "source": "1842 plan of Vilnius (Polona, public domain), traced; plots split at ~13 m frontage (conjecture)", "grade": "B-block/C-plot"}, "geometry": {"type": "Polygon", "coordinates": [[[582807.1008118833, 6060916.453685393], [582805.6647404266, 6060914.087213876], [582802.2804554102, 6060915.49032477], [582798.4806714993, 6060920.0], [582799.9997700951, 6060920.000229904], [582800.1022750447, 6060929.630843144], [582801.7483741367, 6060929.246651768], [582803.7405216444, 6060927.710839979], [582803.742027411, 6060926.012715617], [582802.0407095075, 6060923.772175503], [582802.0831527793, 6060922.291152707], [582806.8658888406, 6060922.1504673185], [582807.1008118833, 6060916.453685393]]]}}, {"type": "Feature", "properties": {"id": "vok_sw-14-2", "kind": "plot", "zone": "vok_sw", "storeys": 2, "source": "1842 plan of Vilnius (Polona, public domain), traced; plots split at ~13 m frontage (conjecture)", "grade": "B-block/C-plot"}, "geometry": {"type": "Polygon", "coordinates": [[[582802.2804554102, 6060915.49032477], [582805.6647404266, 6060914.087213876], [582806.0994691992, 6060910.2471097205], [582797.4409906622, 6060909.458819813], [582793.9848491806, 6060910.388872269], [582794.260256039, 6060911.486340004], [582802.2804554102, 6060915.49032477]]]}}, {"type": "Feature", "properties": {"id": "vok_sw-14-3", "kind": "plot", "zone": "vok_sw", "storeys": 2, "source": "1842 plan of Vilnius (Polona, public domain), traced; plots split at ~13 m frontage (conjecture)", "grade": "B-block/C-plot"}, "geometry": {"type": "Polygon", "coordinates": [[[582805.6647404266, 6060914.087213876], [582807.1008118833, 6060916.453685393], [582814.1304384748, 6060916.730827902], [582814.5714569971, 6060911.166158261], [582806.0994691992, 6060910.2471097205], [582805.6647404266, 6060914.087213876]]]}}, {"type": "Feature", "properties": {"id": "vok_sw-14-4", "kind": "plot", "zone": "vok_sw", "storeys": 3, "source": "1842 plan of Vilnius (Polona, public domain), traced; plots split at ~13 m frontage (conjecture)", "grade": "B-block/C-plot"}, "geometry": {"type": "Polygon", "coordinates": [[[582807.1008118833, 6060916.453685393], [582806.8658888406, 6060922.1504673185], [582810.320107051, 6060922.265349677], [582815.9622837108, 6060923.494455391], [582818.0106961819, 6060924.50055923], [582820.9355369495, 6060924.8256064085], [582818.5061800566, 6060919.571010855], [582814.1758242256, 6060918.735352959], [582814.1304384748, 6060916.730827902], [582807.1008118833, 6060916.453685393]]]}}, {"type": "Feature", "properties": {"id": "vok_sw-15-0", "kind": "plot", "zone": "vok_sw", "storeys": 3, "source": "1842 plan of Vilnius (Polona, public domain), traced; plots split at ~13 m frontage (conjecture)", "grade": "B-block/C-plot"}, "geometry": {"type": "Polygon", "coordinates": [[[582797.4281361527, 6060993.587447983], [582793.6061301265, 6060990.01406304], [582788.0322728339, 6060990.127839234], [582792.8487840691, 6060998.458034065], [582797.4281361527, 6060993.587447983]]]}}, {"type": "Feature", "properties": {"id": "vok_sw-15-1", "kind": "plot", "zone": "vok_sw", "storeys": 2, "source": "1842 plan of Vilnius (Polona, public domain), traced; plots split at ~13 m frontage (conjecture)", "grade": "B-block/C-plot"}, "geometry": {"type": "Polygon", "coordinates": [[[582802.8027163281, 6061000.593527928], [582801.471960535, 6060998.236731778], [582794.1605459793, 6061000.6860084105], [582797.5619527028, 6061006.463159629], [582802.8027163281, 6061000.593527928]]]}}, {"type": "Feature", "properties": {"id": "vok_sw-15-2", "kind": "plot", "zone": "vok_sw", "storeys": 2, "source": "1842 plan of Vilnius (Polona, public domain), traced; plots split at ~13 m frontage (conjecture)", "grade": "B-block/C-plot"}, "geometry": {"type": "Polygon", "coordinates": [[[582792.8487840691, 6060998.458034065], [582794.1605459793, 6061000.6860084105], [582801.471960535, 6060998.236731778], [582800.4431907504, 6060996.422991674], [582797.4281361527, 6060993.587447983], [582792.8487840691, 6060998.458034065]]]}}, {"type": "Feature", "properties": {"id": "vok_sw-15-3", "kind": "plot", "zone": "vok_sw", "storeys": 2, "source": "1842 plan of Vilnius (Polona, public domain), traced; plots split at ~13 m frontage (conjecture)", "grade": "B-block/C-plot"}, "geometry": {"type": "Polygon", "coordinates": [[[582797.5619527028, 6061006.463159629], [582799.8542483298, 6061010.1534702955], [582805.8035971443, 6061005.956540378], [582802.8027163281, 6061000.593527928], [582797.5619527028, 6061006.463159629]]]}}, {"type": "Feature", "properties": {"id": "vok_sw-16-0", "kind": "plot", "zone": "vok_sw", "storeys": 2, "source": "1842 plan of Vilnius (Polona, public domain), traced; plots split at ~13 m frontage (conjecture)", "grade": "B-block/C-plot"}, "geometry": {"type": "Polygon", "coordinates": [[[582754.7891495145, 6061006.999877059], [582750.1509862178, 6061002.786238903], [582758.8710538535, 6061018.426763589], [582763.3890664404, 6061014.130824289], [582757.2822970108, 6061007.042947279], [582754.7891495145, 6061006.999877059]]]}}, {"type": "Feature", "properties": {"id": "vok_sw-17-0", "kind": "plot", "zone": "vok_sw", "storeys": 2, "source": "1842 plan of Vilnius (Polona, public domain), traced; plots split at ~13 m frontage (conjecture)", "grade": "B-block/C-plot"}, "geometry": {"type": "Polygon", "coordinates": [[[582753.1346230614, 6060990.092860819], [582748.0691613894, 6060990.204601889], [582750.0009616705, 6060991.508196779], [582752.4063058401, 6060993.90630584], [582753.2651900471, 6060995.512292453], [582757.7429194773, 6060999.499306605], [582760.4953452536, 6061003.24307602], [582762.4746699138, 6061004.951586625], [582753.1346230614, 6060990.092860819]]]}}, {"type": "Feature", "properties": {"id": "wedge-18-0", "kind": "plot", "zone": "wedge", "storeys": 2, "source": "1842 plan of Vilnius (Polona, public domain), traced; plots split at ~13 m frontage (conjecture)", "grade": "B-block/C-plot"}, "geometry": {"type": "Polygon", "coordinates": [[[582904.7459190165, 6061043.542333776], [582899.2899529913, 6061044.337323718], [582900.000654202, 6061047.035844068], [582900.4071335816, 6061052.286033619], [582901.3982630332, 6061053.3155345805], [582902.4192495573, 6061053.275012805], [582908.0139558765, 6061050.60461682], [582904.7459190165, 6061043.542333776]]]}}, {"type": "Feature", "properties": {"id": "wedge-18-1", "kind": "plot", "zone": "wedge", "storeys": 2, "source": "1842 plan of Vilnius (Polona, public domain), traced; plots split at ~13 m frontage (conjecture)", "grade": "B-block/C-plot"}, "geometry": {"type": "Polygon", "coordinates": [[[582904.7459190165, 6061043.542333776], [582910.5958408982, 6061037.113877856], [582898.689152386, 6061031.912442959], [582897.8466261512, 6061032.641628476], [582897.6105574861, 6061033.472738102], [582898.2553374841, 6061035.33142809], [582899.2899529913, 6061044.337323718], [582904.7459190165, 6061043.542333776]]]}}, {"type": "Feature", "properties": {"id": "wedge-18-2", "kind": "plot", "zone": "wedge", "storeys": 2, "source": "1842 plan of Vilnius (Polona, public domain), traced; plots split at ~13 m frontage (conjecture)", "grade": "B-block/C-plot"}, "geometry": {"type": "Polygon", "coordinates": [[[582912.9003326219, 6061036.410675857], [582910.5958408982, 6061037.113877856], [582904.7459190165, 6061043.542333776], [582908.0139558765, 6061050.60461682], [582917.599596748, 6061046.1689084945], [582912.9003326219, 6061036.410675857]]]}}, {"type": "Feature", "properties": {"id": "wedge-18-3", "kind": "plot", "zone": "wedge", "storeys": 3, "source": "1842 plan of Vilnius (Polona, public domain), traced; plots split at ~13 m frontage (conjecture)", "grade": "B-block/C-plot"}, "geometry": {"type": "Polygon", "coordinates": [[[582910.5958408982, 6061037.113877856], [582912.9003326219, 6061036.410675857], [582914.2950170477, 6061034.229395152], [582909.272327774, 6061024.72204619], [582906.175719058, 6061026.679542108], [582904.494086594, 6061026.500320655], [582903.016401754, 6061027.324716748], [582902.4668308819, 6061027.965801761], [582902.160219505, 6061029.445507646], [582898.689152386, 6061031.912442959], [582910.5958408982, 6061037.113877856]]]}}, {"type": "Feature", "properties": {"id": "wedge-18-4", "kind": "plot", "zone": "wedge", "storeys": 3, "source": "1842 plan of Vilnius (Polona, public domain), traced; plots split at ~13 m frontage (conjecture)", "grade": "B-block/C-plot"}, "geometry": {"type": "Polygon", "coordinates": [[[582925.9926215746, 6061027.246641617], [582935.3209902107, 6061023.274700044], [582935.7673911339, 6061022.552751641], [582930.7925232325, 6061011.673409092], [582927.4211102718, 6061013.534037935], [582925.6394499697, 6061013.007345564], [582924.3194979847, 6061013.572930469], [582923.6699331459, 6061014.332718146], [582923.3677345464, 6061015.731056996], [582919.4724303627, 6061018.235917263], [582925.9926215746, 6061027.246641617]]]}}, {"type": "Feature", "properties": {"id": "wedge-18-5", "kind": "plot", "zone": "wedge", "storeys": 2, "source": "1842 plan of Vilnius (Polona, public domain), traced; plots split at ~13 m frontage (conjecture)", "grade": "B-block/C-plot"}, "geometry": {"type": "Polygon", "coordinates": [[[582924.3597095027, 6061030.182969634], [582914.2950170477, 6061034.229395152], [582912.9003326219, 6061036.410675857], [582917.599596748, 6061046.1689084945], [582929.4724286766, 6061040.152446655], [582924.3597095027, 6061030.182969634]]]}}, {"type": "Feature", "properties": {"id": "wedge-18-6", "kind": "plot", "zone": "wedge", "storeys": 2, "source": "1842 plan of Vilnius (Polona, public domain), traced; plots split at ~13 m frontage (conjecture)", "grade": "B-block/C-plot"}, "geometry": {"type": "Polygon", "coordinates": [[[582924.3597095027, 6061030.182969634], [582925.9926215746, 6061027.246641617], [582919.4724303627, 6061018.235917263], [582909.272327774, 6061024.72204619], [582914.2950170477, 6061034.229395152], [582924.3597095027, 6061030.182969634]]]}}, {"type": "Feature", "properties": {"id": "wedge-18-7", "kind": "plot", "zone": "wedge", "storeys": 2, "source": "1842 plan of Vilnius (Polona, public domain), traced; plots split at ~13 m frontage (conjecture)", "grade": "B-block/C-plot"}, "geometry": {"type": "Polygon", "coordinates": [[[582935.3209902107, 6061023.274700044], [582925.9926215746, 6061027.246641617], [582924.3597095027, 6061030.182969634], [582929.4724286766, 6061040.152446655], [582941.2265772349, 6061034.124347323], [582935.3209902107, 6061023.274700044]]]}}, {"type": "Feature", "properties": {"id": "wedge-18-8", "kind": "plot", "zone": "wedge", "storeys": 2, "source": "1842 plan of Vilnius (Polona, public domain), traced; plots split at ~13 m frontage (conjecture)", "grade": "B-block/C-plot"}, "geometry": {"type": "Polygon", "coordinates": [[[582947.2474092834, 6061015.590124765], [582948.5938008941, 6061014.94880753], [582954.695242418, 6061006.58430382], [582951.1629701152, 6061000.272857729], [582941.6534932433, 6061005.594944188], [582947.2474092834, 6061015.590124765]]]}}, {"type": "Feature", "properties": {"id": "wedge-18-9", "kind": "plot", "zone": "wedge", "storeys": 3, "source": "1842 plan of Vilnius (Polona, public domain), traced; plots split at ~13 m frontage (conjecture)", "grade": "B-block/C-plot"}, "geometry": {"type": "Polygon", "coordinates": [[[582946.3188752617, 6061017.464802724], [582935.7673911339, 6061022.552751641], [582935.3209902107, 6061023.274700044], [582941.2265772349, 6061034.124347323], [582944.4082438853, 6061032.483549259], [582952.6199915898, 6061027.129984267], [582946.3188752617, 6061017.464802724]]]}}, {"type": "Feature", "properties": {"id": "wedge-18-10", "kind": "plot", "zone": "wedge", "storeys": 3, "source": "1842 plan of Vilnius (Polona, public domain), traced; plots split at ~13 m frontage (conjecture)", "grade": "B-block/C-plot"}, "geometry": {"type": "Polygon", "coordinates": [[[582935.7673911339, 6061022.552751641], [582946.3188752617, 6061017.464802724], [582947.2474092834, 6061015.590124765], [582941.6534932433, 6061005.594944188], [582930.7925232325, 6061011.673409092], [582935.7673911339, 6061022.552751641]]]}}, {"type": "Feature", "properties": {"id": "wedge-18-11", "kind": "plot", "zone": "wedge", "storeys": 2, "source": "1842 plan of Vilnius (Polona, public domain), traced; plots split at ~13 m frontage (conjecture)", "grade": "B-block/C-plot"}, "geometry": {"type": "Polygon", "coordinates": [[[582954.695242418, 6061006.58430382], [582961.0, 6061005.610645551], [582960.8466751627, 6061002.464073484], [582958.0653775565, 6060997.901258578], [582957.2457847685, 6060997.349798647], [582956.2610052112, 6060997.427577929], [582951.1629701152, 6061000.272857729], [582954.695242418, 6061006.58430382]]]}}, {"type": "Feature", "properties": {"id": "wedge-18-12", "kind": "plot", "zone": "wedge", "storeys": 2, "source": "1842 plan of Vilnius (Polona, public domain), traced; plots split at ~13 m frontage (conjecture)", "grade": "B-block/C-plot"}, "geometry": {"type": "Polygon", "coordinates": [[[582948.5938008941, 6061014.94880753], [582947.2474092834, 6061015.590124765], [582946.3188752617, 6061017.464802724], [582952.6199915898, 6061027.129984267], [582960.8188617966, 6061021.568581929], [582961.0, 6061016.862155266], [582948.5938008941, 6061014.94880753]]]}}, {"type": "Feature", "properties": {"id": "wedge-18-13", "kind": "plot", "zone": "wedge", "storeys": 2, "source": "1842 plan of Vilnius (Polona, public domain), traced; plots split at ~13 m frontage (conjecture)", "grade": "B-block/C-plot"}, "geometry": {"type": "Polygon", "coordinates": [[[582954.695242418, 6061006.58430382], [582948.5938008941, 6061014.94880753], [582961.0, 6061016.862155266], [582961.0, 6061005.610645551], [582954.695242418, 6061006.58430382]]]}}, {"type": "Feature", "properties": {"id": "wedge-19-0", "kind": "plot", "zone": "wedge", "storeys": 2, "source": "1842 plan of Vilnius (Polona, public domain), traced; plots split at ~13 m frontage (conjecture)", "grade": "B-block/C-plot"}, "geometry": {"type": "Polygon", "coordinates": [[[582912.3183741221, 6061090.166312582], [582912.4132791113, 6061087.651388467], [582911.7107973387, 6061087.726505469], [582911.1933365994, 6061087.275834115], [582908.8112614214, 6061078.53277992], [582903.9565564729, 6061074.498591103], [582904.4999136592, 6061076.785385635], [582904.7500193666, 6061081.5898874495], [582905.4969114575, 6061083.289951049], [582906.2324512675, 6061089.842061408], [582906.9067311868, 6061091.97019356], [582912.3183741221, 6061090.166312582]]]}}, {"type": "Feature", "properties": {"id": "wedge-19-1", "kind": "plot", "zone": "wedge", "storeys": 2, "source": "1842 plan of Vilnius (Polona, public domain), traced; plots split at ~13 m frontage (conjecture)", "grade": "B-block/C-plot"}, "geometry": {"type": "Polygon", "coordinates": [[[582917.8273693747, 6061110.000349338], [582913.6489950104, 6061097.908789223], [582908.5440442157, 6061099.131924591], [582909.2443590896, 6061103.184577256], [582910.5065579241, 6061106.02720403], [582912.1197729411, 6061111.669205294], [582917.8273693747, 6061110.000349338]]]}}, {"type": "Feature", "properties": {"id": "wedge-19-2", "kind": "plot", "zone": "wedge", "storeys": 2, "source": "1842 plan of Vilnius (Polona, public domain), traced; plots split at ~13 m frontage (conjecture)", "grade": "B-block/C-plot"}, "geometry": {"type": "Polygon", "coordinates": [[[582912.3183741221, 6061090.166312582], [582915.3040802506, 6061096.64415028], [582919.4980709645, 6061095.729413706], [582918.2914539124, 6061090.497487109], [582918.7690878387, 6061089.920424772], [582921.0474044662, 6061089.349695883], [582917.8930096508, 6061086.1182399355], [582912.4132791113, 6061087.651388467], [582912.3183741221, 6061090.166312582]]]}}, {"type": "Feature", "properties": {"id": "wedge-19-3", "kind": "plot", "zone": "wedge", "storeys": 2, "source": "1842 plan of Vilnius (Polona, public domain), traced; plots split at ~13 m frontage (conjecture)", "grade": "B-block/C-plot"}, "geometry": {"type": "Polygon", "coordinates": [[[582908.8112614214, 6061078.53277992], [582908.8763025118, 6061077.153940115], [582907.9928332177, 6061075.937850555], [582905.3248935234, 6061065.472792684], [582904.521170726, 6061064.647838188], [582903.3694860121, 6061064.635897734], [582902.6128537367, 6061065.310904725], [582902.4375178356, 6061066.166856912], [582902.7752739666, 6061069.604706434], [582903.9565564729, 6061074.498591103], [582908.8112614214, 6061078.53277992]]]}}, {"type": "Feature", "properties": {"id": "wedge-19-4", "kind": "plot", "zone": "wedge", "storeys": 2, "source": "1842 plan of Vilnius (Polona, public domain), traced; plots split at ~13 m frontage (conjecture)", "grade": "B-block/C-plot"}, "geometry": {"type": "Polygon", "coordinates": [[[582913.6489950104, 6061097.908789223], [582915.3040802506, 6061096.64415028], [582912.3183741221, 6061090.166312582], [582906.9067311868, 6061091.97019356], [582907.7536330449, 6061094.528448585], [582908.5440442157, 6061099.131924591], [582913.6489950104, 6061097.908789223]]]}}, {"type": "Feature", "properties": {"id": "wedge-19-5", "kind": "plot", "zone": "wedge", "storeys": 2, "source": "1842 plan of Vilnius (Polona, public domain), traced; plots split at ~13 m frontage (conjecture)", "grade": "B-block/C-plot"}, "geometry": {"type": "Polygon", "coordinates": [[[582925.527635761, 6061120.701378131], [582920.6872014572, 6061110.257134928], [582917.8273693747, 6061110.000349338], [582912.1197729411, 6061111.669205294], [582915.9263276166, 6061123.86803939], [582925.527635761, 6061120.701378131]]]}}, {"type": "Feature", "properties": {"id": "wedge-19-6", "kind": "plot", "zone": "wedge", "storeys": 3, "source": "1842 plan of Vilnius (Polona, public domain), traced; plots split at ~13 m frontage (conjecture)", "grade": "B-block/C-plot"}, "geometry": {"type": "Polygon", "coordinates": [[[582917.8273693747, 6061110.000349338], [582920.6872014572, 6061110.257134928], [582922.5508080657, 6061108.132713468], [582919.4980709645, 6061095.729413706], [582915.3040802506, 6061096.64415028], [582913.6489950104, 6061097.908789223], [582917.8273693747, 6061110.000349338]]]}}, {"type": "Feature", "properties": {"id": "wedge-19-7", "kind": "plot", "zone": "wedge", "storeys": 2, "source": "1842 plan of Vilnius (Polona, public domain), traced; plots split at ~13 m frontage (conjecture)", "grade": "B-block/C-plot"}, "geometry": {"type": "Polygon", "coordinates": [[[582917.9542650987, 6061081.13577661], [582919.0617737793, 6061085.163451334], [582918.7850596653, 6061085.788909501], [582917.8930096508, 6061086.1182399355], [582921.0474044662, 6061089.349695883], [582926.2639861709, 6061085.935922664], [582924.1900826775, 6061079.564521051], [582917.9542650987, 6061081.13577661]]]}}, {"type": "Feature", "properties": {"id": "wedge-19-8", "kind": "plot", "zone": "wedge", "storeys": 2, "source": "1842 plan of Vilnius (Polona, public domain), traced; plots split at ~13 m frontage (conjecture)", "grade": "B-block/C-plot"}, "geometry": {"type": "Polygon", "coordinates": [[[582928.7737515797, 6061122.220623377], [582925.527635761, 6061120.701378131], [582915.9263276166, 6061123.86803939], [582917.8606248434, 6061129.914712885], [582919.247183916, 6061132.288492996], [582919.6639678632, 6061134.733807179], [582928.7737515797, 6061122.220623377]]]}}, {"type": "Feature", "properties": {"id": "wedge-19-9", "kind": "plot", "zone": "wedge", "storeys": 2, "source": "1842 plan of Vilnius (Polona, public domain), traced; plots split at ~13 m frontage (conjecture)", "grade": "B-block/C-plot"}, "geometry": {"type": "Polygon", "coordinates": [[[582928.7737515797, 6061122.220623377], [582930.0557299458, 6061122.43397059], [582933.6963118763, 6061118.09739753], [582931.0673546265, 6061104.919811964], [582929.843067235, 6061104.689281135], [582930.5297345078, 6061107.521392586], [582930.173192375, 6061108.26151427], [582923.6073342125, 6061109.900019885], [582922.9454711586, 6061109.540169813], [582922.5508080657, 6061108.132713468], [582920.6872014572, 6061110.257134928], [582925.527635761, 6061120.701378131], [582928.7737515797, 6061122.220623377]]]}}, {"type": "Feature", "properties": {"id": "wedge-19-10", "kind": "plot", "zone": "wedge", "storeys": 2, "source": "1842 plan of Vilnius (Polona, public domain), traced; plots split at ~13 m frontage (conjecture)", "grade": "B-block/C-plot"}, "geometry": {"type": "Polygon", "coordinates": [[[582931.0673546265, 6061104.919811964], [582938.1160601028, 6061102.203533078], [582938.9235504024, 6061096.884200233], [582927.4460277222, 6061092.252376295], [582927.0871100522, 6061093.461132754], [582929.843067235, 6061104.689281135], [582931.0673546265, 6061104.919811964]]]}}, {"type": "Feature", "properties": {"id": "wedge-19-11", "kind": "plot", "zone": "wedge", "storeys": 2, "source": "1842 plan of Vilnius (Polona, public domain), traced; plots split at ~13 m frontage (conjecture)", "grade": "B-block/C-plot"}, "geometry": {"type": "Polygon", "coordinates": [[[582936.6721182815, 6061071.419855106], [582945.4190404047, 6061072.32383838], [582945.6395269186, 6061071.1679663025], [582944.9268919982, 6061069.7158069], [582943.0074314729, 6061069.07643241], [582941.5319728989, 6061066.313947604], [582940.2562310094, 6061065.727282028], [582934.964514587, 6061068.327411212], [582936.6721182815, 6061071.419855106]]]}}, {"type": "Feature", "properties": {"id": "wedge-19-12", "kind": "plot", "zone": "wedge", "storeys": 2, "source": "1842 plan of Vilnius (Polona, public domain), traced; plots split at ~13 m frontage (conjecture)", "grade": "B-block/C-plot"}, "geometry": {"type": "Polygon", "coordinates": [[[582924.1900826775, 6061079.564521051], [582926.7574045601, 6061074.893540549], [582925.9832480606, 6061072.46516996], [582917.6810666379, 6061074.425889895], [582916.7344073141, 6061075.122702257], [582916.5476904107, 6061076.14084885], [582917.9542650987, 6061081.13577661], [582924.1900826775, 6061079.564521051]]]}}, {"type": "Feature", "properties": {"id": "wedge-19-13", "kind": "plot", "zone": "wedge", "storeys": 2, "source": "1842 plan of Vilnius (Polona, public domain), traced; plots split at ~13 m frontage (conjecture)", "grade": "B-block/C-plot"}, "geometry": {"type": "Polygon", "coordinates": [[[582926.2639861709, 6061085.935922664], [582930.2338246199, 6061083.975846561], [582931.9792251571, 6061082.284723404], [582934.7906294853, 6061081.079715944], [582935.5622405352, 6061080.325311358], [582934.802131734, 6061079.218917087], [582926.7574045601, 6061074.893540549], [582924.1900826775, 6061079.564521051], [582926.2639861709, 6061085.935922664]]]}}, {"type": "Feature", "properties": {"id": "wedge-19-14", "kind": "plot", "zone": "wedge", "storeys": 2, "source": "1842 plan of Vilnius (Polona, public domain), traced; plots split at ~13 m frontage (conjecture)", "grade": "B-block/C-plot"}, "geometry": {"type": "Polygon", "coordinates": [[[582932.4147598686, 6061126.182019559], [582930.0557299458, 6061122.43397059], [582928.7737515797, 6061122.220623377], [582919.6639678632, 6061134.733807179], [582920.3044226717, 6061136.107154114], [582921.7825999635, 6061136.648737055], [582923.0449595333, 6061135.844708576], [582926.2902304976, 6061134.75910356], [582926.983192415, 6061134.890424353], [582932.4147598686, 6061126.182019559]]]}}, {"type": "Feature", "properties": {"id": "wedge-19-15", "kind": "plot", "zone": "wedge", "storeys": 3, "source": "1842 plan of Vilnius (Polona, public domain), traced; plots split at ~13 m frontage (conjecture)", "grade": "B-block/C-plot"}, "geometry": {"type": "Polygon", "coordinates": [[[582932.4147598686, 6061126.182019559], [582935.5140978278, 6061128.630968884], [582942.1297835286, 6061127.6491177445], [582941.3092305876, 6061126.464205349], [582941.2900854815, 6061125.790992953], [582943.7455138984, 6061123.510225094], [582944.1419666181, 6061122.401110436], [582941.1096183184, 6061115.152164053], [582933.6963118763, 6061118.09739753], [582930.0557299458, 6061122.43397059], [582932.4147598686, 6061126.182019559]]]}}, {"type": "Feature", "properties": {"id": "wedge-19-16", "kind": "plot", "zone": "wedge", "storeys": 2, "source": "1842 plan of Vilnius (Polona, public domain), traced; plots split at ~13 m frontage (conjecture)", "grade": "B-block/C-plot"}, "geometry": {"type": "Polygon", "coordinates": [[[582938.9235504024, 6061096.884200233], [582942.5445965474, 6061091.831682158], [582937.671638487, 6061084.620525362], [582934.7851948657, 6061086.045923645], [582933.2340009282, 6061087.975460828], [582931.4451822783, 6061088.808042055], [582927.4460277222, 6061092.252376295], [582938.9235504024, 6061096.884200233]]]}}, {"type": "Feature", "properties": {"id": "wedge-19-17", "kind": "plot", "zone": "wedge", "storeys": 2, "source": "1842 plan of Vilnius (Polona, public domain), traced; plots split at ~13 m frontage (conjecture)", "grade": "B-block/C-plot"}, "geometry": {"type": "Polygon", "coordinates": [[[582936.2587528672, 6061133.24165098], [582935.5140978278, 6061128.630968884], [582932.4147598686, 6061126.182019559], [582926.983192415, 6061134.890424353], [582933.3070043821, 6061154.144466112], [582934.6030643859, 6061155.044040461], [582936.9217777705, 6061154.129260429], [582937.4971470786, 6061152.8115886105], [582935.3665338102, 6061149.698757771], [582932.6275518714, 6061137.4910120005], [582933.0387760048, 6061136.8758002175], [582936.4608375322, 6061135.579864021], [582936.2587528672, 6061133.24165098]]]}}, {"type": "Feature", "properties": {"id": "wedge-19-18", "kind": "plot", "zone": "wedge", "storeys": 3, "source": "1842 plan of Vilnius (Polona, public domain), traced; plots split at ~13 m frontage (conjecture)", "grade": "B-block/C-plot"}, "geometry": {"type": "Polygon", "coordinates": [[[582936.2587528672, 6061133.24165098], [582936.4608375322, 6061135.579864021], [582939.0827974934, 6061134.817725744], [582940.5402907946, 6061137.2344026], [582941.5682068426, 6061137.806169259], [582945.8804779892, 6061135.78362207], [582946.5890869506, 6061134.737316884], [582946.5630702078, 6061134.136074997], [582936.2587528672, 6061133.24165098]]]}}, {"type": "Feature", "properties": {"id": "wedge-19-19", "kind": "plot", "zone": "wedge", "storeys": 2, "source": "1842 plan of Vilnius (Polona, public domain), traced; plots split at ~13 m frontage (conjecture)", "grade": "B-block/C-plot"}, "geometry": {"type": "Polygon", "coordinates": [[[582931.0673546265, 6061104.919811964], [582933.6963118763, 6061118.09739753], [582941.1096183184, 6061115.152164053], [582938.0500479453, 6061106.855600618], [582938.4453091846, 6061106.152403678], [582941.1100168823, 6061105.073019667], [582938.1160601028, 6061102.203533078], [582931.0673546265, 6061104.919811964]]]}}, {"type": "Feature", "properties": {"id": "wedge-19-20", "kind": "plot", "zone": "wedge", "storeys": 2, "source": "1842 plan of Vilnius (Polona, public domain), traced; plots split at ~13 m frontage (conjecture)", "grade": "B-block/C-plot"}, "geometry": {"type": "Polygon", "coordinates": [[[582934.802131734, 6061079.218917087], [582936.6721182815, 6061071.419855106], [582934.964514587, 6061068.327411212], [582928.9470865299, 6061071.741880015], [582925.9832480606, 6061072.46516996], [582926.7574045601, 6061074.893540549], [582934.802131734, 6061079.218917087]]]}}, {"type": "Feature", "properties": {"id": "wedge-19-21", "kind": "plot", "zone": "wedge", "storeys": 2, "source": "1842 plan of Vilnius (Polona, public domain), traced; plots split at ~13 m frontage (conjecture)", "grade": "B-block/C-plot"}, "geometry": {"type": "Polygon", "coordinates": [[[582942.5445965474, 6061091.831682158], [582949.8409530506, 6061091.208217567], [582952.2084068077, 6061082.84543913], [582948.2008439087, 6061077.187233926], [582945.0053640974, 6061079.256647858], [582942.9648211792, 6061081.257359949], [582939.6977465352, 6061082.807137304], [582937.671638487, 6061084.620525362], [582942.5445965474, 6061091.831682158]]]}}, {"type": "Feature", "properties": {"id": "wedge-19-22", "kind": "plot", "zone": "wedge", "storeys": 2, "source": "1842 plan of Vilnius (Polona, public domain), traced; plots split at ~13 m frontage (conjecture)", "grade": "B-block/C-plot"}, "geometry": {"type": "Polygon", "coordinates": [[[582935.5622405352, 6061080.325311358], [582936.3438758324, 6061079.443154131], [582941.4312231204, 6061076.283899643], [582943.254405283, 6061074.258910381], [582944.9645200263, 6061073.145987107], [582945.4190404047, 6061072.32383838], [582936.6721182815, 6061071.419855106], [582934.802131734, 6061079.218917087], [582935.5622405352, 6061080.325311358]]]}}, {"type": "Feature", "properties": {"id": "wedge-19-23", "kind": "plot", "zone": "wedge", "storeys": 2, "source": "1842 plan of Vilnius (Polona, public domain), traced; plots split at ~13 m frontage (conjecture)", "grade": "B-block/C-plot"}, "geometry": {"type": "Polygon", "coordinates": [[[582938.1160601028, 6061102.203533078], [582941.1100168823, 6061105.073019667], [582953.0836056288, 6061100.269791429], [582949.6980324072, 6061091.364064406], [582942.5445965474, 6061091.831682158], [582938.9235504024, 6061096.884200233], [582938.1160601028, 6061102.203533078]]]}}, {"type": "Feature", "properties": {"id": "wedge-19-24", "kind": "plot", "zone": "wedge", "storeys": 2, "source": "1842 plan of Vilnius (Polona, public domain), traced; plots split at ~13 m frontage (conjecture)", "grade": "B-block/C-plot"}, "geometry": {"type": "Polygon", "coordinates": [[[582935.5140978278, 6061128.630968884], [582936.2587528672, 6061133.24165098], [582946.5630702078, 6061134.136074997], [582942.1297835286, 6061127.6491177445], [582935.5140978278, 6061128.630968884]]]}}, {"type": "Feature", "properties": {"id": "wedge-19-25", "kind": "plot", "zone": "wedge", "storeys": 2, "source": "1842 plan of Vilnius (Polona, public domain), traced; plots split at ~13 m frontage (conjecture)", "grade": "B-block/C-plot"}, "geometry": {"type": "Polygon", "coordinates": [[[582949.8409530506, 6061091.208217567], [582953.0836056288, 6061100.269791429], [582957.930822919, 6061098.334880627], [582959.6075926734, 6061098.767199226], [582960.73834, 6061098.117534455], [582961.0, 6061091.208217567], [582949.8409530506, 6061091.208217567]]]}}, {"type": "Feature", "properties": {"id": "wedge-19-26", "kind": "plot", "zone": "wedge", "storeys": 2, "source": "1842 plan of Vilnius (Polona, public domain), traced; plots split at ~13 m frontage (conjecture)", "grade": "B-block/C-plot"}, "geometry": {"type": "Polygon", "coordinates": [[[582959.865032275, 6061080.822075708], [582954.9874306314, 6061072.813655816], [582948.2008439087, 6061077.187233926], [582952.2084068077, 6061082.84543913], [582959.865032275, 6061080.822075708]]]}}, {"type": "Feature", "properties": {"id": "wedge-19-27", "kind": "plot", "zone": "wedge", "storeys": 2, "source": "1842 plan of Vilnius (Polona, public domain), traced; plots split at ~13 m frontage (conjecture)", "grade": "B-block/C-plot"}, "geometry": {"type": "Polygon", "coordinates": [[[582959.865032275, 6061080.822075708], [582952.2084068077, 6061082.84543913], [582949.8409530506, 6061091.208217567], [582961.0, 6061091.208217567], [582960.985978848, 6061084.449123637], [582960.4865474058, 6061080.822075708], [582959.865032275, 6061080.822075708]]]}}, {"type": "Feature", "properties": {"id": "wedge-19-28", "kind": "plot", "zone": "wedge", "storeys": 2, "source": "1842 plan of Vilnius (Polona, public domain), traced; plots split at ~13 m frontage (conjecture)", "grade": "B-block/C-plot"}, "geometry": {"type": "Polygon", "coordinates": [[[582959.865032275, 6061080.822075708], [582960.4865474058, 6061080.822075708], [582960.1861963163, 6061078.4498545015], [582960.9932285835, 6061076.924840989], [582961.0, 6061071.286749048], [582960.5619558125, 6061070.227386102], [582959.5036668638, 6061069.78675353], [582958.6708415725, 6061070.036750527], [582954.9874306314, 6061072.813655816], [582959.865032275, 6061080.822075708]]]}}, {"type": "Feature", "properties": {"id": "wedge-20-0", "kind": "plot", "zone": "wedge", "storeys": 2, "source": "1842 plan of Vilnius (Polona, public domain), traced; plots split at ~13 m frontage (conjecture)", "grade": "B-block/C-plot"}, "geometry": {"type": "Polygon", "coordinates": [[[582938.0108179821, 6061171.038193818], [582935.3111556913, 6061171.039125662], [582934.5576916927, 6061171.705029919], [582934.3751880962, 6061172.551986873], [582935.6053508556, 6061175.2300470825], [582936.539392673, 6061179.240559816], [582937.282671531, 6061179.89107691], [582938.5257053677, 6061179.99277709], [582939.3302695837, 6061179.65951568], [582941.816301713, 6061177.183698286], [582942.8777184994, 6061175.4218667], [582939.0718699491, 6061173.263495691], [582938.0108179821, 6061171.038193818]]]}}, {"type": "Feature", "properties": {"id": "wedge-20-1", "kind": "plot", "zone": "wedge", "storeys": 2, "source": "1842 plan of Vilnius (Polona, public domain), traced; plots split at ~13 m frontage (conjecture)", "grade": "B-block/C-plot"}, "geometry": {"type": "Polygon", "coordinates": [[[582939.0718699491, 6061173.263495691], [582942.8777184994, 6061175.4218667], [582947.8885939667, 6061166.601930624], [582953.9322108859, 6061158.971264551], [582960.7616433934, 6061151.772119333], [582960.9929012347, 6061149.344562545], [582960.4604118022, 6061148.338103055], [582959.374509313, 6061147.995580813], [582958.4611451818, 6061148.408296106], [582940.0517312298, 6061170.513300655], [582938.0108179821, 6061171.038193818], [582939.0718699491, 6061173.263495691]]]}}, {"type": "Feature", "properties": {"id": "wedge-21-0", "kind": "plot", "zone": "wedge", "storeys": 3, "source": "1842 plan of Vilnius (Polona, public domain), traced; plots split at ~13 m frontage (conjecture)", "grade": "B-block/C-plot"}, "geometry": {"type": "Polygon", "coordinates": [[[582960.3299982189, 6061044.453293226], [582960.9710203102, 6061043.4972789], [582960.8896825156, 6061041.662392424], [582959.9669743443, 6061040.801541139], [582958.7436120476, 6061040.908645482], [582952.4575038769, 6061046.122233218], [582952.1519757678, 6061047.751986516], [582952.9635650635, 6061048.554994861], [582954.1052738142, 6061048.554148948], [582960.3299982189, 6061044.453293226]]]}}, {"type": "Feature", "properties": {"id": "wedge-22-0", "kind": "plot", "zone": "wedge", "storeys": 2, "source": "1842 plan of Vilnius (Polona, public domain), traced; plots split at ~13 m frontage (conjecture)", "grade": "B-block/C-plot"}, "geometry": {"type": "Polygon", "coordinates": [[[582959.5, 6061180.0], [582960.3333553495, 6061179.747204418], [582960.9354105036, 6061178.935427016], [582960.9359431587, 6061174.566051354], [582959.9430452669, 6061173.566641139], [582957.5751733069, 6061173.52313688], [582953.9598108452, 6061177.685589366], [582953.7880031607, 6061178.948229134], [582954.9288538622, 6061179.971578613], [582959.5, 6061180.0]]]}}, {"type": "Feature", "properties": {"id": "wedge-23-0", "kind": "plot", "zone": "wedge", "storeys": 2, "source": "1842 plan of Vilnius (Polona, public domain), traced; plots split at ~13 m frontage (conjecture)", "grade": "B-block/C-plot"}, "geometry": {"type": "Polygon", "coordinates": [[[582955.6016257539, 6061122.103385589], [582954.6945792533, 6061123.53514843], [582954.7779121472, 6061124.647763373], [582958.4006255433, 6061130.498417772], [582959.3137235575, 6061130.9642345635], [582960.1834847805, 6061130.809675562], [582960.9903445536, 6061129.624913857], [582960.9985022049, 6061122.103901566], [582955.6016257539, 6061122.103385589]]]}}, {"type": "Feature", "properties": {"id": "wedge-23-1", "kind": "plot", "zone": "wedge", "storeys": 2, "source": "1842 plan of Vilnius (Polona, public domain), traced; plots split at ~13 m frontage (conjecture)", "grade": "B-block/C-plot"}, "geometry": {"type": "Polygon", "coordinates": [[[582959.9704056804, 6061115.593163448], [582952.8212527995, 6061110.257077072], [582951.0585588716, 6061111.111184113], [582950.538732692, 6061111.795260733], [582950.570376133, 6061112.927826239], [582953.9591146937, 6061118.971666794], [582959.9704056804, 6061115.593163448]]]}}, {"type": "Feature", "properties": {"id": "wedge-23-2", "kind": "plot", "zone": "wedge", "storeys": 3, "source": "1842 plan of Vilnius (Polona, public domain), traced; plots split at ~13 m frontage (conjecture)", "grade": "B-block/C-plot"}, "geometry": {"type": "Polygon", "coordinates": [[[582959.9704056804, 6061115.593163448], [582953.9591146937, 6061118.971666794], [582955.6016257539, 6061122.103385589], [582960.9985022049, 6061122.103901566], [582960.9991246645, 6061115.593261801], [582959.9704056804, 6061115.593163448]]]}}, {"type": "Feature", "properties": {"id": "wedge-23-3", "kind": "plot", "zone": "wedge", "storeys": 2, "source": "1842 plan of Vilnius (Polona, public domain), traced; plots split at ~13 m frontage (conjecture)", "grade": "B-block/C-plot"}, "geometry": {"type": "Polygon", "coordinates": [[[582959.9704056804, 6061115.593163448], [582960.9991246645, 6061115.593261801], [582960.9922369273, 6061108.643564306], [582960.4281790527, 6061107.615590987], [582959.0044879599, 6061107.377881756], [582952.8212527995, 6061110.257077072], [582959.9704056804, 6061115.593163448]]]}}, {"type": "Feature", "properties": {"id": "wedge-24-0", "kind": "plot", "zone": "wedge", "storeys": 2, "source": "1842 plan of Vilnius (Polona, public domain), traced; plots split at ~13 m frontage (conjecture)", "grade": "B-block/C-plot"}, "geometry": {"type": "Polygon", "coordinates": [[[582808.804910094, 6061070.359097], [582798.6660114434, 6061066.4653594075], [582796.5972819574, 6061068.544004577], [582796.2642085075, 6061069.335115223], [582797.0121767157, 6061070.800190639], [582800.503375252, 6061072.743304889], [582806.5000667523, 6061075.057717982], [582808.804910094, 6061070.359097]]]}}, {"type": "Feature", "properties": {"id": "wedge-24-1", "kind": "plot", "zone": "wedge", "storeys": 2, "source": "1842 plan of Vilnius (Polona, public domain), traced; plots split at ~13 m frontage (conjecture)", "grade": "B-block/C-plot"}, "geometry": {"type": "Polygon", "coordinates": [[[582808.804910094, 6061070.359097], [582812.936933187, 6061066.177011941], [582805.9456460482, 6061059.185724802], [582798.6660114434, 6061066.4653594075], [582808.804910094, 6061070.359097]]]}}, {"type": "Feature", "properties": {"id": "wedge-24-2", "kind": "plot", "zone": "wedge", "storeys": 2, "source": "1842 plan of Vilnius (Polona, public domain), traced; plots split at ~13 m frontage (conjecture)", "grade": "B-block/C-plot"}, "geometry": {"type": "Polygon", "coordinates": [[[582808.804910094, 6061070.359097], [582806.5000667523, 6061075.057717982], [582808.7562635631, 6061076.740566572], [582812.2054637824, 6061078.48838802], [582813.6600746252, 6061080.134712837], [582814.7441550521, 6061080.770747884], [582820.3088380933, 6061072.418890983], [582817.4624541904, 6061066.033200365], [582812.936933187, 6061066.177011941], [582808.804910094, 6061070.359097]]]}}, {"type": "Feature", "properties": {"id": "wedge-24-3", "kind": "plot", "zone": "wedge", "storeys": 2, "source": "1842 plan of Vilnius (Polona, public domain), traced; plots split at ~13 m frontage (conjecture)", "grade": "B-block/C-plot"}, "geometry": {"type": "Polygon", "coordinates": [[[582812.936933187, 6061066.177011941], [582817.4624541904, 6061066.033200365], [582821.2233853108, 6061061.671561145], [582820.9710041925, 6061056.945000835], [582814.5786871038, 6061050.552683746], [582805.9456460482, 6061059.185724802], [582812.936933187, 6061066.177011941]]]}}, {"type": "Feature", "properties": {"id": "wedge-24-4", "kind": "plot", "zone": "wedge", "storeys": 2, "source": "1842 plan of Vilnius (Polona, public domain), traced; plots split at ~13 m frontage (conjecture)", "grade": "B-block/C-plot"}, "geometry": {"type": "Polygon", "coordinates": [[[582817.4624541904, 6061066.033200365], [582820.3088380933, 6061072.418890983], [582826.1841811372, 6061076.458935402], [582832.9241254894, 6061066.657436502], [582828.4089392828, 6061062.603469157], [582821.2233853108, 6061061.671561145], [582817.4624541904, 6061066.033200365]]]}}, {"type": "Feature", "properties": {"id": "wedge-24-5", "kind": "plot", "zone": "wedge", "storeys": 2, "source": "1842 plan of Vilnius (Polona, public domain), traced; plots split at ~13 m frontage (conjecture)", "grade": "B-block/C-plot"}, "geometry": {"type": "Polygon", "coordinates": [[[582841.3322828987, 6061034.628827694], [582841.9870750731, 6061032.69686612], [582841.2601460487, 6061030.478656759], [582842.1188362596, 6061029.443223474], [582837.9757164828, 6061024.9814021755], [582833.3727210294, 6061030.159792258], [582841.3322828987, 6061034.628827694]]]}}, {"type": "Feature", "properties": {"id": "wedge-24-6", "kind": "plot", "zone": "wedge", "storeys": 2, "source": "1842 plan of Vilnius (Polona, public domain), traced; plots split at ~13 m frontage (conjecture)", "grade": "B-block/C-plot"}, "geometry": {"type": "Polygon", "coordinates": [[[582820.3088380933, 6061072.418890983], [582814.7441550521, 6061080.770747884], [582820.4064854006, 6061083.710563114], [582821.5566734107, 6061083.176168781], [582826.1841811372, 6061076.458935402], [582820.3088380933, 6061072.418890983]]]}}, {"type": "Feature", "properties": {"id": "wedge-24-7", "kind": "plot", "zone": "wedge", "storeys": 3, "source": "1842 plan of Vilnius (Polona, public domain), traced; plots split at ~13 m frontage (conjecture)", "grade": "B-block/C-plot"}, "geometry": {"type": "Polygon", "coordinates": [[[582828.4089392828, 6061062.603469157], [582832.9241254894, 6061066.657436502], [582834.7249445732, 6061064.082026676], [582836.6432565977, 6061063.751820984], [582838.1935632296, 6061062.055401513], [582837.9971060009, 6061058.327950738], [582834.6643762355, 6061055.394971238], [582828.4089392828, 6061062.603469157]]]}}, {"type": "Feature", "properties": {"id": "wedge-24-8", "kind": "plot", "zone": "wedge", "storeys": 2, "source": "1842 plan of Vilnius (Polona, public domain), traced; plots split at ~13 m frontage (conjecture)", "grade": "B-block/C-plot"}, "geometry": {"type": "Polygon", "coordinates": [[[582820.9710041925, 6061056.945000835], [582826.4656738051, 6061050.424757827], [582825.4447331927, 6061049.396049894], [582823.8088810677, 6061048.593062772], [582823.6217740934, 6061047.521117885], [582824.1381416755, 6061046.926590975], [582821.7112145156, 6061043.279038259], [582814.5786871038, 6061050.552683746], [582820.9710041925, 6061056.945000835]]]}}, {"type": "Feature", "properties": {"id": "wedge-24-9", "kind": "plot", "zone": "wedge", "storeys": 2, "source": "1842 plan of Vilnius (Polona, public domain), traced; plots split at ~13 m frontage (conjecture)", "grade": "B-block/C-plot"}, "geometry": {"type": "Polygon", "coordinates": [[[582832.5468667817, 6061042.964964603], [582833.8716901282, 6061041.9331299], [582831.4681722274, 6061032.302418019], [582825.4301075103, 6061039.095267321], [582832.5468667817, 6061042.964964603]]]}}, {"type": "Feature", "properties": {"id": "wedge-24-10", "kind": "plot", "zone": "wedge", "storeys": 2, "source": "1842 plan of Vilnius (Polona, public domain), traced; plots split at ~13 m frontage (conjecture)", "grade": "B-block/C-plot"}, "geometry": {"type": "Polygon", "coordinates": [[[582825.4301075103, 6061039.095267321], [582821.7112145156, 6061043.279038259], [582824.1381416755, 6061046.926590975], [582827.8113659259, 6061047.427818035], [582829.5502768217, 6061046.42629315], [582832.5468667817, 6061042.964964603], [582825.4301075103, 6061039.095267321]]]}}, {"type": "Feature", "properties": {"id": "wedge-24-11", "kind": "plot", "zone": "wedge", "storeys": 3, "source": "1842 plan of Vilnius (Polona, public domain), traced; plots split at ~13 m frontage (conjecture)", "grade": "B-block/C-plot"}, "geometry": {"type": "Polygon", "coordinates": [[[582833.3727210294, 6061030.159792258], [582831.4681722274, 6061032.302418019], [582833.8716901282, 6061041.9331299], [582835.3647436699, 6061039.901509195], [582841.3322828987, 6061034.628827694], [582833.3727210294, 6061030.159792258]]]}}, {"type": "Feature", "properties": {"id": "wedge-24-12", "kind": "plot", "zone": "wedge", "storeys": 2, "source": "1842 plan of Vilnius (Polona, public domain), traced; plots split at ~13 m frontage (conjecture)", "grade": "B-block/C-plot"}, "geometry": {"type": "Polygon", "coordinates": [[[582821.2233853108, 6061061.671561145], [582828.4089392828, 6061062.603469157], [582834.6643762355, 6061055.394971238], [582826.4656738051, 6061050.424757827], [582820.9710041925, 6061056.945000835], [582821.2233853108, 6061061.671561145]]]}}, {"type": "Feature", "properties": {"id": "wedge-24-13", "kind": "plot", "zone": "wedge", "storeys": 3, "source": "1842 plan of Vilnius (Polona, public domain), traced; plots split at ~13 m frontage (conjecture)", "grade": "B-block/C-plot"}, "geometry": {"type": "Polygon", "coordinates": [[[582872.9192631968, 6061016.877439808], [582868.1791131786, 6061014.758473586], [582863.1104100164, 6061019.01279243], [582863.6061162073, 6061024.662027746], [582869.4773269828, 6061032.99509633], [582879.3662347933, 6061026.0276915245], [582872.9192631968, 6061016.877439808]]]}}, {"type": "Feature", "properties": {"id": "wedge-24-14", "kind": "plot", "zone": "wedge", "storeys": 2, "source": "1842 plan of Vilnius (Polona, public domain), traced; plots split at ~13 m frontage (conjecture)", "grade": "B-block/C-plot"}, "geometry": {"type": "Polygon", "coordinates": [[[582863.6061162073, 6061024.662027746], [582863.1104100164, 6061019.01279243], [582858.8203311407, 6061018.629424962], [582848.1189351886, 6061025.567976126], [582847.9599141048, 6061026.787446316], [582849.4951631022, 6061027.759463369], [582851.0617410259, 6061029.5336375525], [582857.2534735561, 6061033.668982371], [582863.6061162073, 6061024.662027746]]]}}, {"type": "Feature", "properties": {"id": "wedge-24-15", "kind": "plot", "zone": "wedge", "storeys": 2, "source": "1842 plan of Vilnius (Polona, public domain), traced; plots split at ~13 m frontage (conjecture)", "grade": "B-block/C-plot"}, "geometry": {"type": "Polygon", "coordinates": [[[582863.6061162073, 6061024.662027746], [582857.2534735561, 6061033.668982371], [582860.0249554993, 6061035.527878997], [582861.1093028447, 6061037.267601773], [582861.985274259, 6061037.748298835], [582863.0916595897, 6061037.494231172], [582869.4773269828, 6061032.99509633], [582863.6061162073, 6061024.662027746]]]}}, {"type": "Feature", "properties": {"id": "wedge-24-16", "kind": "plot", "zone": "wedge", "storeys": 2, "source": "1842 plan of Vilnius (Polona, public domain), traced; plots split at ~13 m frontage (conjecture)", "grade": "B-block/C-plot"}, "geometry": {"type": "Polygon", "coordinates": [[[582848.1189351886, 6061025.567976126], [582858.8203311407, 6061018.629424962], [582850.2982637391, 6061011.118482439], [582842.0927759181, 6061020.349692244], [582848.1189351886, 6061025.567976126]]]}}, {"type": "Feature", "properties": {"id": "wedge-24-17", "kind": "plot", "zone": "wedge", "storeys": 2, "source": "1842 plan of Vilnius (Polona, public domain), traced; plots split at ~13 m frontage (conjecture)", "grade": "B-block/C-plot"}, "geometry": {"type": "Polygon", "coordinates": [[[582848.1189351886, 6061025.567976126], [582842.0927759181, 6061020.349692244], [582837.9757164828, 6061024.9814021755], [582842.1188362596, 6061029.443223474], [582844.7974698067, 6061027.01552344], [582847.3031665025, 6061026.544106204], [582847.9599141048, 6061026.787446316], [582848.1189351886, 6061025.567976126]]]}}, {"type": "Feature", "properties": {"id": "wedge-24-18", "kind": "plot", "zone": "wedge", "storeys": 2, "source": "1842 plan of Vilnius (Polona, public domain), traced; plots split at ~13 m frontage (conjecture)", "grade": "B-block/C-plot"}, "geometry": {"type": "Polygon", "coordinates": [[[582858.8203311407, 6061018.629424962], [582863.1104100164, 6061019.01279243], [582868.1791131786, 6061014.758473586], [582868.5755593909, 6061009.573227191], [582858.8502828822, 6061001.237275898], [582850.2982637391, 6061011.118482439], [582858.8203311407, 6061018.629424962]]]}}, {"type": "Feature", "properties": {"id": "wedge-24-19", "kind": "plot", "zone": "wedge", "storeys": 2, "source": "1842 plan of Vilnius (Polona, public domain), traced; plots split at ~13 m frontage (conjecture)", "grade": "B-block/C-plot"}, "geometry": {"type": "Polygon", "coordinates": [[[582868.5755593909, 6061009.573227191], [582872.4135395586, 6061004.673287846], [582871.2156411082, 6060994.101148268], [582868.3532380854, 6060991.648873709], [582865.8206408302, 6060992.65801343], [582865.1662144861, 6060993.867586443], [582858.8502828822, 6061001.237275898], [582868.5755593909, 6061009.573227191]]]}}, {"type": "Feature", "properties": {"id": "wedge-24-20", "kind": "plot", "zone": "wedge", "storeys": 3, "source": "1842 plan of Vilnius (Polona, public domain), traced; plots split at ~13 m frontage (conjecture)", "grade": "B-block/C-plot"}, "geometry": {"type": "Polygon", "coordinates": [[[582868.1791131786, 6061014.758473586], [582872.9192631968, 6061016.877439808], [582884.38995466, 6061014.397290302], [582882.2899467737, 6061004.684753829], [582881.4623128339, 6061002.924625669], [582872.4135395586, 6061004.673287846], [582868.5755593909, 6061009.573227191], [582868.1791131786, 6061014.758473586]]]}}, {"type": "Feature", "properties": {"id": "wedge-24-21", "kind": "plot", "zone": "wedge", "storeys": 3, "source": "1842 plan of Vilnius (Polona, public domain), traced; plots split at ~13 m frontage (conjecture)", "grade": "B-block/C-plot"}, "geometry": {"type": "Polygon", "coordinates": [[[582872.4135395586, 6061004.673287846], [582881.4623128339, 6061002.924625669], [582880.6007677185, 6060995.1530708745], [582878.9946537775, 6060993.208105746], [582878.2776443849, 6060991.444110963], [582871.2156411082, 6060994.101148268], [582872.4135395586, 6061004.673287846]]]}}, {"type": "Feature", "properties": {"id": "wedge-24-22", "kind": "plot", "zone": "wedge", "storeys": 2, "source": "1842 plan of Vilnius (Polona, public domain), traced; plots split at ~13 m frontage (conjecture)", "grade": "B-block/C-plot"}, "geometry": {"type": "Polygon", "coordinates": [[[582871.2156411082, 6060994.101148268], [582878.2776443849, 6060991.444110963], [582878.0766402051, 6060989.71056572], [582879.2045244176, 6060989.25], [582878.6860422675, 6060986.092440038], [582875.3556061593, 6060981.981065408], [582871.522337977, 6060986.382302438], [582871.3039510695, 6060990.067438079], [582868.3532380854, 6060991.648873709], [582871.2156411082, 6060994.101148268]]]}}, {"type": "Feature", "properties": {"id": "wedge-24-23", "kind": "plot", "zone": "wedge", "storeys": 2, "source": "1842 plan of Vilnius (Polona, public domain), traced; plots split at ~13 m frontage (conjecture)", "grade": "B-block/C-plot"}, "geometry": {"type": "Polygon", "coordinates": [[[582872.9192631968, 6061016.877439808], [582879.3662347933, 6061026.0276915245], [582885.6293740205, 6061021.309786347], [582884.38995466, 6061014.397290302], [582872.9192631968, 6061016.877439808]]]}}, {"type": "Feature", "properties": {"id": "wedge-24-24", "kind": "plot", "zone": "wedge", "storeys": 3, "source": "1842 plan of Vilnius (Polona, public domain), traced; plots split at ~13 m frontage (conjecture)", "grade": "B-block/C-plot"}, "geometry": {"type": "Polygon", "coordinates": [[[582878.6860422675, 6060986.092440038], [582883.4152773072, 6060983.607922313], [582883.566592336, 6060978.3884565765], [582877.119650869, 6060980.096411191], [582875.3556061593, 6060981.981065408], [582878.6860422675, 6060986.092440038]]]}}, {"type": "Feature", "properties": {"id": "wedge-24-25", "kind": "plot", "zone": "wedge", "storeys": 2, "source": "1842 plan of Vilnius (Polona, public domain), traced; plots split at ~13 m frontage (conjecture)", "grade": "B-block/C-plot"}, "geometry": {"type": "Polygon", "coordinates": [[[582892.1287074995, 6060989.16906982], [582883.4152773072, 6060983.607922313], [582878.6860422675, 6060986.092440038], [582879.2045244176, 6060989.25], [582884.4300319767, 6060989.5155503405], [582885.1994478747, 6060992.939718714], [582885.9381888525, 6060993.938188852], [582892.1287074995, 6060989.16906982]]]}}, {"type": "Feature", "properties": {"id": "wedge-24-26", "kind": "plot", "zone": "wedge", "storeys": 2, "source": "1842 plan of Vilnius (Polona, public domain), traced; plots split at ~13 m frontage (conjecture)", "grade": "B-block/C-plot"}, "geometry": {"type": "Polygon", "coordinates": [[[582894.4808915758, 6061004.533323143], [582901.4311629257, 6061000.060974911], [582903.0380168231, 6060990.764608475], [582895.5586400082, 6060987.6919883], [582892.1287074995, 6060989.16906982], [582885.9381888525, 6060993.938188852], [582888.758120415, 6060996.795438126], [582892.1310543178, 6061005.248006407], [582894.4808915758, 6061004.533323143]]]}}, {"type": "Feature", "properties": {"id": "wedge-24-27", "kind": "plot", "zone": "wedge", "storeys": 2, "source": "1842 plan of Vilnius (Polona, public domain), traced; plots split at ~13 m frontage (conjecture)", "grade": "B-block/C-plot"}, "geometry": {"type": "Polygon", "coordinates": [[[582911.0741533589, 6060986.60207874], [582920.4215021611, 6060982.583475081], [582916.3183940246, 6060968.705315208], [582908.557935766, 6060970.998466295], [582907.1016547435, 6060970.970535224], [582904.5379203724, 6060972.585474072], [582911.0741533589, 6060986.60207874]]]}}, {"type": "Feature", "properties": {"id": "wedge-24-28", "kind": "plot", "zone": "wedge", "storeys": 2, "source": "1842 plan of Vilnius (Polona, public domain), traced; plots split at ~13 m frontage (conjecture)", "grade": "B-block/C-plot"}, "geometry": {"type": "Polygon", "coordinates": [[[582894.4808915758, 6061004.533323143], [582892.1310543178, 6061005.248006407], [582893.2515117428, 6061009.530632907], [582893.7748522178, 6061014.742872477], [582894.4339082446, 6061015.869307136], [582895.5051087589, 6061016.239124764], [582897.0215901914, 6061015.46052429], [582897.5209270908, 6061013.442342525], [582899.4490912232, 6061012.124220457], [582894.4808915758, 6061004.533323143]]]}}, {"type": "Feature", "properties": {"id": "wedge-24-29", "kind": "plot", "zone": "wedge", "storeys": 2, "source": "1842 plan of Vilnius (Polona, public domain), traced; plots split at ~13 m frontage (conjecture)", "grade": "B-block/C-plot"}, "geometry": {"type": "Polygon", "coordinates": [[[582895.5586400082, 6060987.6919883], [582903.0380168231, 6060990.764608475], [582909.4866613224, 6060988.270104447], [582911.0741533589, 6060986.60207874], [582904.5379203724, 6060972.585474072], [582899.1900492917, 6060975.6488228105], [582898.0276745368, 6060977.165932384], [582896.4647297584, 6060977.83879315], [582893.5754515885, 6060980.707007608], [582895.5586400082, 6060987.6919883]]]}}, {"type": "Feature", "properties": {"id": "wedge-24-30", "kind": "plot", "zone": "wedge", "storeys": 2, "source": "1842 plan of Vilnius (Polona, public domain), traced; plots split at ~13 m frontage (conjecture)", "grade": "B-block/C-plot"}, "geometry": {"type": "Polygon", "coordinates": [[[582892.1287074995, 6060989.16906982], [582895.5586400082, 6060987.6919883], [582893.5754515885, 6060980.707007608], [582890.3733610987, 6060983.145147895], [582889.3582083316, 6060983.225680978], [582888.7743190195, 6060982.641791658], [582888.7428316271, 6060978.717162607], [582888.2054628681, 6060977.7073071515], [582886.9672123898, 6060977.390530971], [582883.566592336, 6060978.3884565765], [582883.4152773072, 6060983.607922313], [582892.1287074995, 6060989.16906982]]]}}, {"type": "Feature", "properties": {"id": "wedge-24-31", "kind": "plot", "zone": "wedge", "storeys": 3, "source": "1842 plan of Vilnius (Polona, public domain), traced; plots split at ~13 m frontage (conjecture)", "grade": "B-block/C-plot"}, "geometry": {"type": "Polygon", "coordinates": [[[582901.4311629257, 6061000.060974911], [582894.4808915758, 6061004.533323143], [582899.4490912232, 6061012.124220457], [582906.3642793512, 6061007.598268677], [582901.4311629257, 6061000.060974911]]]}}, {"type": "Feature", "properties": {"id": "wedge-24-32", "kind": "plot", "zone": "wedge", "storeys": 3, "source": "1842 plan of Vilnius (Polona, public domain), traced; plots split at ~13 m frontage (conjecture)", "grade": "B-block/C-plot"}, "geometry": {"type": "Polygon", "coordinates": [[[582920.1829331085, 6060982.886391413], [582911.0741533589, 6060986.60207874], [582909.4866613224, 6060988.270104447], [582917.4614225446, 6061003.061453808], [582918.8647677145, 6061002.093222231], [582919.3507575843, 6061000.045867302], [582927.3263069892, 6060995.529763159], [582920.1829331085, 6060982.886391413]]]}}, {"type": "Feature", "properties": {"id": "wedge-24-33", "kind": "plot", "zone": "wedge", "storeys": 2, "source": "1842 plan of Vilnius (Polona, public domain), traced; plots split at ~13 m frontage (conjecture)", "grade": "B-block/C-plot"}, "geometry": {"type": "Polygon", "coordinates": [[[582903.0380168231, 6060990.764608475], [582901.4311629257, 6061000.060974911], [582906.3642793512, 6061007.598268677], [582914.5564108025, 6061002.248466426], [582915.2392976349, 6061002.256836943], [582916.3988395768, 6061003.154034419], [582917.4614225446, 6061003.061453808], [582909.4866613224, 6060988.270104447], [582903.0380168231, 6060990.764608475]]]}}, {"type": "Feature", "properties": {"id": "wedge-24-34", "kind": "plot", "zone": "wedge", "storeys": 3, "source": "1842 plan of Vilnius (Polona, public domain), traced; plots split at ~13 m frontage (conjecture)", "grade": "B-block/C-plot"}, "geometry": {"type": "Polygon", "coordinates": [[[582933.4886310837, 6060976.06472376], [582941.4174874537, 6060972.667486077], [582942.124595825, 6060970.60361097], [582940.5465576391, 6060960.536032708], [582932.0060290402, 6060961.81201463], [582930.671538998, 6060963.257943854], [582927.954888028, 6060964.580551477], [582933.4886310837, 6060976.06472376]]]}}, {"type": "Feature", "properties": {"id": "wedge-24-35", "kind": "plot", "zone": "wedge", "storeys": 2, "source": "1842 plan of Vilnius (Polona, public domain), traced; plots split at ~13 m frontage (conjecture)", "grade": "B-block/C-plot"}, "geometry": {"type": "Polygon", "coordinates": [[[582932.3122977443, 6060977.758739227], [582920.1829331085, 6060982.886391413], [582927.3263069892, 6060995.529763159], [582938.7167585405, 6060989.094276191], [582932.3122977443, 6060977.758739227]]]}}, {"type": "Feature", "properties": {"id": "wedge-24-36", "kind": "plot", "zone": "wedge", "storeys": 2, "source": "1842 plan of Vilnius (Polona, public domain), traced; plots split at ~13 m frontage (conjecture)", "grade": "B-block/C-plot"}, "geometry": {"type": "Polygon", "coordinates": [[[582932.3122977443, 6060977.758739227], [582933.4886310837, 6060976.06472376], [582927.954888028, 6060964.580551477], [582924.2451372225, 6060966.360891065], [582916.3183940246, 6060968.705315208], [582920.4215021611, 6060982.583475081], [582932.3122977443, 6060977.758739227]]]}}, {"type": "Feature", "properties": {"id": "wedge-24-37", "kind": "plot", "zone": "wedge", "storeys": 2, "source": "1842 plan of Vilnius (Polona, public domain), traced; plots split at ~13 m frontage (conjecture)", "grade": "B-block/C-plot"}, "geometry": {"type": "Polygon", "coordinates": [[[582946.3312527984, 6060975.975556265], [582941.4174874537, 6060972.667486077], [582933.4886310837, 6060976.06472376], [582932.3122977443, 6060977.758739227], [582938.7167585405, 6060989.094276191], [582950.1072100914, 6060982.658789223], [582946.3312527984, 6060975.975556265]]]}}, {"type": "Feature", "properties": {"id": "wedge-24-38", "kind": "plot", "zone": "wedge", "storeys": 2, "source": "1842 plan of Vilnius (Polona, public domain), traced; plots split at ~13 m frontage (conjecture)", "grade": "B-block/C-plot"}, "geometry": {"type": "Polygon", "coordinates": [[[582942.124595825, 6060970.60361097], [582952.5266769875, 6060964.385240277], [582950.8503677612, 6060960.937949647], [582947.9221028552, 6060959.277445422], [582944.0017788305, 6060959.510054521], [582940.5465576391, 6060960.536032708], [582942.124595825, 6060970.60361097]]]}}, {"type": "Feature", "properties": {"id": "wedge-24-39", "kind": "plot", "zone": "wedge", "storeys": 3, "source": "1842 plan of Vilnius (Polona, public domain), traced; plots split at ~13 m frontage (conjecture)", "grade": "B-block/C-plot"}, "geometry": {"type": "Polygon", "coordinates": [[[582946.3312527984, 6060975.975556265], [582950.1072100914, 6060982.658789223], [582957.8096007487, 6060978.299027866], [582958.443042064, 6060977.20943773], [582958.1434863163, 6060975.056521137], [582956.7659427252, 6060973.7350654295], [582956.1062536351, 6060972.322562409], [582946.3312527984, 6060975.975556265]]]}}, {"type": "Feature", "properties": {"id": "wedge-24-40", "kind": "plot", "zone": "wedge", "storeys": 3, "source": "1842 plan of Vilnius (Polona, public domain), traced; plots split at ~13 m frontage (conjecture)", "grade": "B-block/C-plot"}, "geometry": {"type": "Polygon", "coordinates": [[[582942.124595825, 6060970.60361097], [582941.4174874537, 6060972.667486077], [582946.3312527984, 6060975.975556265], [582956.1062536351, 6060972.322562409], [582952.5266769875, 6060964.385240277], [582942.124595825, 6060970.60361097]]]}}, {"type": "Feature", "properties": {"id": "wedge-25-0", "kind": "plot", "zone": "wedge", "storeys": 2, "source": "1842 plan of Vilnius (Polona, public domain), traced; plots split at ~13 m frontage (conjecture)", "grade": "B-block/C-plot"}, "geometry": {"type": "Polygon", "coordinates": [[[582917.8528768609, 6061061.501178687], [582911.0709678902, 6061058.545198735], [582912.8001305404, 6061065.033273696], [582913.581095347, 6061065.8630357245], [582914.4375602301, 6061065.978380069], [582918.7318527714, 6061064.862925861], [582917.8528768609, 6061061.501178687]]]}}, {"type": "Feature", "properties": {"id": "wedge-25-1", "kind": "plot", "zone": "wedge", "storeys": 2, "source": "1842 plan of Vilnius (Polona, public domain), traced; plots split at ~13 m frontage (conjecture)", "grade": "B-block/C-plot"}, "geometry": {"type": "Polygon", "coordinates": [[[582917.8528768609, 6061061.501178687], [582918.7318527714, 6061064.862925861], [582923.1480188199, 6061063.701022293], [582923.9154124412, 6061063.066836109], [582924.0903804841, 6061061.949380964], [582921.8390128105, 6061055.396358302], [582917.8528768609, 6061061.501178687]]]}}, {"type": "Feature", "properties": {"id": "wedge-25-2", "kind": "plot", "zone": "wedge", "storeys": 2, "source": "1842 plan of Vilnius (Polona, public domain), traced; plots split at ~13 m frontage (conjecture)", "grade": "B-block/C-plot"}, "geometry": {"type": "Polygon", "coordinates": [[[582917.8528768609, 6061061.501178687], [582921.8390128105, 6061055.396358302], [582921.2228906563, 6061054.808328405], [582920.1024886919, 6061054.707478482], [582912.1346332821, 6061057.125175785], [582911.2567183963, 6061057.836093653], [582911.0709678902, 6061058.545198735], [582917.8528768609, 6061061.501178687]]]}}, {"type": "Feature", "properties": {"id": "wedge-26-0", "kind": "plot", "zone": "wedge", "storeys": 2, "source": "1842 plan of Vilnius (Polona, public domain), traced; plots split at ~13 m frontage (conjecture)", "grade": "B-block/C-plot"}, "geometry": {"type": "Polygon", "coordinates": [[[582842.1689561553, 6061093.346819019], [582844.4292452777, 6061087.790753517], [582839.9296581738, 6061084.611370494], [582834.468633233, 6061092.352731389], [582834.3295554884, 6061093.500553028], [582837.3819767121, 6061097.115746509], [582842.1689561553, 6061093.346819019]]]}}, {"type": "Feature", "properties": {"id": "wedge-26-1", "kind": "plot", "zone": "wedge", "storeys": 2, "source": "1842 plan of Vilnius (Polona, public domain), traced; plots split at ~13 m frontage (conjecture)", "grade": "B-block/C-plot"}, "geometry": {"type": "Polygon", "coordinates": [[[582844.4292452777, 6061087.790753517], [582842.1689561553, 6061093.346819019], [582846.5663577167, 6061098.23636857], [582847.7859464292, 6061097.178673873], [582849.5093279247, 6061094.504836874], [582852.5547841284, 6061091.91156637], [582848.1481397978, 6061087.853446235], [582844.4292452777, 6061087.790753517]]]}}, {"type": "Feature", "properties": {"id": "wedge-26-2", "kind": "plot", "zone": "wedge", "storeys": 2, "source": "1842 plan of Vilnius (Polona, public domain), traced; plots split at ~13 m frontage (conjecture)", "grade": "B-block/C-plot"}, "geometry": {"type": "Polygon", "coordinates": [[[582844.4292452777, 6061087.790753517], [582848.1481397978, 6061087.853446235], [582852.3701266645, 6061078.826654666], [582846.8655137931, 6061074.795476572], [582839.9296581738, 6061084.611370494], [582844.4292452777, 6061087.790753517]]]}}, {"type": "Feature", "properties": {"id": "wedge-26-3", "kind": "plot", "zone": "wedge", "storeys": 3, "source": "1842 plan of Vilnius (Polona, public domain), traced; plots split at ~13 m frontage (conjecture)", "grade": "B-block/C-plot"}, "geometry": {"type": "Polygon", "coordinates": [[[582842.1689561553, 6061093.346819019], [582837.3819767121, 6061097.115746509], [582839.9027654642, 6061097.996157318], [582840.8812137103, 6061099.335294382], [582844.3035522224, 6061101.8072509775], [582845.60195986, 6061101.907020156], [582846.4890946487, 6061100.953705858], [582846.2508879777, 6061098.856469459], [582846.5663577167, 6061098.23636857], [582842.1689561553, 6061093.346819019]]]}}, {"type": "Feature", "properties": {"id": "wedge-26-4", "kind": "plot", "zone": "wedge", "storeys": 2, "source": "1842 plan of Vilnius (Polona, public domain), traced; plots split at ~13 m frontage (conjecture)", "grade": "B-block/C-plot"}, "geometry": {"type": "Polygon", "coordinates": [[[582858.9719645815, 6061105.265274804], [582852.3825523168, 6061099.331541406], [582850.1649892889, 6061101.781376643], [582848.3837116695, 6061101.92813585], [582847.481134873, 6061102.994999563], [582847.8497474178, 6061104.342949062], [582849.7723532274, 6061105.775776052], [582854.123252837, 6061110.305471704], [582858.9719645815, 6061105.265274804]]]}}, {"type": "Feature", "properties": {"id": "wedge-26-5", "kind": "plot", "zone": "wedge", "storeys": 2, "source": "1842 plan of Vilnius (Polona, public domain), traced; plots split at ~13 m frontage (conjecture)", "grade": "B-block/C-plot"}, "geometry": {"type": "Polygon", "coordinates": [[[582848.1481397978, 6061087.853446235], [582852.5547841284, 6061091.91156637], [582853.540398746, 6061090.231772593], [582856.1940247141, 6061088.038252035], [582858.7330613291, 6061084.526204629], [582861.2532362614, 6061081.996763739], [582856.8183343549, 6061078.111612179], [582852.3701266645, 6061078.826654666], [582848.1481397978, 6061087.853446235]]]}}, {"type": "Feature", "properties": {"id": "wedge-26-6", "kind": "plot", "zone": "wedge", "storeys": 2, "source": "1842 plan of Vilnius (Polona, public domain), traced; plots split at ~13 m frontage (conjecture)", "grade": "B-block/C-plot"}, "geometry": {"type": "Polygon", "coordinates": [[[582874.03603814, 6061103.719864027], [582869.2966200124, 6061102.527082115], [582858.9719645815, 6061105.265274804], [582854.123252837, 6061110.305471704], [582855.6627435571, 6061111.871370789], [582856.8294187936, 6061112.353759105], [582858.8306785615, 6061114.534002723], [582861.0167205528, 6061115.78136455], [582863.3899701867, 6061118.507657908], [582874.03603814, 6061103.719864027]]]}}, {"type": "Feature", "properties": {"id": "wedge-26-7", "kind": "plot", "zone": "wedge", "storeys": 2, "source": "1842 plan of Vilnius (Polona, public domain), traced; plots split at ~13 m frontage (conjecture)", "grade": "B-block/C-plot"}, "geometry": {"type": "Polygon", "coordinates": [[[582869.2966200124, 6061102.527082115], [582874.03603814, 6061103.719864027], [582875.617628092, 6061103.477066939], [582870.2025096514, 6061085.044970154], [582869.2279693778, 6061084.668185497], [582867.0653833192, 6061085.17310843], [582861.3252576718, 6061090.184149537], [582859.4976818424, 6061092.252649323], [582869.2966200124, 6061102.527082115]]]}}, {"type": "Feature", "properties": {"id": "wedge-26-8", "kind": "plot", "zone": "wedge", "storeys": 3, "source": "1842 plan of Vilnius (Polona, public domain), traced; plots split at ~13 m frontage (conjecture)", "grade": "B-block/C-plot"}, "geometry": {"type": "Polygon", "coordinates": [[[582852.3701266645, 6061078.826654666], [582856.8183343549, 6061078.111612179], [582859.1018516175, 6061069.520786105], [582855.0474763714, 6061065.486516709], [582849.8703253372, 6061070.676847541], [582848.0232693154, 6061070.822079097], [582847.0248434962, 6061072.038538097], [582847.4449000289, 6061073.775496122], [582846.8655137931, 6061074.795476572], [582852.3701266645, 6061078.826654666]]]}}, {"type": "Feature", "properties": {"id": "wedge-26-9", "kind": "plot", "zone": "wedge", "storeys": 2, "source": "1842 plan of Vilnius (Polona, public domain), traced; plots split at ~13 m frontage (conjecture)", "grade": "B-block/C-plot"}, "geometry": {"type": "Polygon", "coordinates": [[[582861.2532362614, 6061081.996763739], [582862.4738927968, 6061080.732785011], [582863.0631668464, 6061079.453207072], [582865.7821980228, 6061076.934393079], [582868.3401982388, 6061072.782215495], [582869.6680068293, 6061072.518598161], [582869.6434272332, 6061068.061195775], [582859.1018516175, 6061069.520786105], [582856.8183343549, 6061078.111612179], [582861.2532362614, 6061081.996763739]]]}}, {"type": "Feature", "properties": {"id": "wedge-26-10", "kind": "plot", "zone": "wedge", "storeys": 3, "source": "1842 plan of Vilnius (Polona, public domain), traced; plots split at ~13 m frontage (conjecture)", "grade": "B-block/C-plot"}, "geometry": {"type": "Polygon", "coordinates": [[[582858.9719645815, 6061105.265274804], [582869.2966200124, 6061102.527082115], [582859.4976818424, 6061092.252649323], [582857.7719923609, 6061094.211121993], [582856.1580919651, 6061095.113001492], [582852.3825523168, 6061099.331541406], [582858.9719645815, 6061105.265274804]]]}}, {"type": "Feature", "properties": {"id": "wedge-26-11", "kind": "plot", "zone": "wedge", "storeys": 2, "source": "1842 plan of Vilnius (Polona, public domain), traced; plots split at ~13 m frontage (conjecture)", "grade": "B-block/C-plot"}, "geometry": {"type": "Polygon", "coordinates": [[[582890.9140834934, 6061133.777500338], [582885.9008972357, 6061131.820458038], [582882.3720119968, 6061134.52159789], [582886.0039447104, 6061140.247028474], [582888.4834636786, 6061143.03327921], [582889.2563545017, 6061143.412442725], [582890.3634472815, 6061143.161334154], [582893.366342773, 6061140.599272258], [582890.9140834934, 6061133.777500338]]]}}, {"type": "Feature", "properties": {"id": "wedge-26-12", "kind": "plot", "zone": "wedge", "storeys": 3, "source": "1842 plan of Vilnius (Polona, public domain), traced; plots split at ~13 m frontage (conjecture)", "grade": "B-block/C-plot"}, "geometry": {"type": "Polygon", "coordinates": [[[582874.03603814, 6061103.719864027], [582863.3899701867, 6061118.507657908], [582864.4032559382, 6061119.520066361], [582867.5292581655, 6061120.541158801], [582872.1249518208, 6061124.638114788], [582873.5316737632, 6061125.462040981], [582881.5212138196, 6061116.395250503], [582878.8816271716, 6061104.077655748], [582875.617628092, 6061103.477066939], [582874.03603814, 6061103.719864027]]]}}, {"type": "Feature", "properties": {"id": "wedge-26-13", "kind": "plot", "zone": "wedge", "storeys": 2, "source": "1842 plan of Vilnius (Polona, public domain), traced; plots split at ~13 m frontage (conjecture)", "grade": "B-block/C-plot"}, "geometry": {"type": "Polygon", "coordinates": [[[582871.6053197298, 6061065.736926271], [582880.0309065252, 6061063.231146243], [582881.1766731002, 6061059.984672439], [582873.7590786167, 6061049.425818018], [582866.5983617775, 6061054.444644136], [582864.3926394363, 6061054.461198656], [582863.3475846538, 6061055.795780022], [582863.3557718726, 6061056.336412459], [582871.6053197298, 6061065.736926271]]]}}, {"type": "Feature", "properties": {"id": "wedge-26-14", "kind": "plot", "zone": "wedge", "storeys": 2, "source": "1842 plan of Vilnius (Polona, public domain), traced; plots split at ~13 m frontage (conjecture)", "grade": "B-block/C-plot"}, "geometry": {"type": "Polygon", "coordinates": [[[582859.1018516175, 6061069.520786105], [582869.6434272332, 6061068.061195775], [582871.6053197298, 6061065.736926271], [582863.3557718726, 6061056.336412459], [582863.2115661124, 6061057.280425783], [582855.0474763714, 6061065.486516709], [582859.1018516175, 6061069.520786105]]]}}, {"type": "Feature", "properties": {"id": "wedge-26-15", "kind": "plot", "zone": "wedge", "storeys": 2, "source": "1842 plan of Vilnius (Polona, public domain), traced; plots split at ~13 m frontage (conjecture)", "grade": "B-block/C-plot"}, "geometry": {"type": "Polygon", "coordinates": [[[582869.6434272332, 6061068.061195775], [582869.6680068293, 6061072.518598161], [582870.9167324153, 6061074.122122234], [582872.9782209231, 6061075.763951353], [582874.0405894263, 6061077.673555539], [582877.1623950193, 6061078.024588129], [582878.2847388862, 6061078.839980075], [582878.4980593662, 6061080.218709636], [582878.0912263233, 6061080.925805913], [582885.5007794045, 6061080.636528917], [582885.9963405693, 6061071.791217538], [582880.0309065252, 6061063.231146243], [582871.6053197298, 6061065.736926271], [582869.6434272332, 6061068.061195775]]]}}, {"type": "Feature", "properties": {"id": "wedge-26-16", "kind": "plot", "zone": "wedge", "storeys": 3, "source": "1842 plan of Vilnius (Polona, public domain), traced; plots split at ~13 m frontage (conjecture)", "grade": "B-block/C-plot"}, "geometry": {"type": "Polygon", "coordinates": [[[582875.617628092, 6061103.477066939], [582878.8816271716, 6061104.077655748], [582886.3817428821, 6061099.619112116], [582887.0481644134, 6061098.412011908], [582887.8129601323, 6061084.710728654], [582885.5007794045, 6061080.636528917], [582878.0912263233, 6061080.925805913], [582872.3605160759, 6061086.723166164], [582871.2489576483, 6061086.594940713], [582870.2025096514, 6061085.044970154], [582875.617628092, 6061103.477066939]]]}}, {"type": "Feature", "properties": {"id": "wedge-26-17", "kind": "plot", "zone": "wedge", "storeys": 3, "source": "1842 plan of Vilnius (Polona, public domain), traced; plots split at ~13 m frontage (conjecture)", "grade": "B-block/C-plot"}, "geometry": {"type": "Polygon", "coordinates": [[[582881.1766731002, 6061059.984672439], [582883.5386303379, 6061058.18101041], [582886.229315555, 6061047.044101198], [582883.2290046902, 6061042.773195622], [582873.7590786167, 6061049.425818018], [582881.1766731002, 6061059.984672439]]]}}, {"type": "Feature", "properties": {"id": "wedge-26-18", "kind": "plot", "zone": "wedge", "storeys": 3, "source": "1842 plan of Vilnius (Polona, public domain), traced; plots split at ~13 m frontage (conjecture)", "grade": "B-block/C-plot"}, "geometry": {"type": "Polygon", "coordinates": [[[582886.7466314107, 6061121.331709285], [582892.0442898851, 6061121.510343169], [582890.9859329964, 6061119.315154475], [582891.2408778421, 6061118.539726207], [582899.8420592106, 6061114.138329181], [582896.1188457642, 6061106.815532235], [582886.3817428821, 6061099.619112116], [582878.8816271716, 6061104.077655748], [582881.5212138196, 6061116.395250503], [582886.7466314107, 6061121.331709285]]]}}, {"type": "Feature", "properties": {"id": "wedge-26-19", "kind": "plot", "zone": "wedge", "storeys": 3, "source": "1842 plan of Vilnius (Polona, public domain), traced; plots split at ~13 m frontage (conjecture)", "grade": "B-block/C-plot"}, "geometry": {"type": "Polygon", "coordinates": [[[582881.5212138196, 6061116.395250503], [582873.5316737632, 6061125.462040981], [582881.1985069136, 6061132.704834278], [582882.3720119968, 6061134.52159789], [582885.9008972357, 6061131.820458038], [582886.7466314107, 6061121.331709285], [582881.5212138196, 6061116.395250503]]]}}, {"type": "Feature", "properties": {"id": "wedge-26-20", "kind": "plot", "zone": "wedge", "storeys": 2, "source": "1842 plan of Vilnius (Polona, public domain), traced; plots split at ~13 m frontage (conjecture)", "grade": "B-block/C-plot"}, "geometry": {"type": "Polygon", "coordinates": [[[582885.9008972357, 6061131.820458038], [582890.9140834934, 6061133.777500338], [582896.7103281405, 6061130.856223386], [582892.0442898851, 6061121.510343169], [582886.7466314107, 6061121.331709285], [582885.9008972357, 6061131.820458038]]]}}, {"type": "Feature", "properties": {"id": "wedge-26-21", "kind": "plot", "zone": "wedge", "storeys": 2, "source": "1842 plan of Vilnius (Polona, public domain), traced; plots split at ~13 m frontage (conjecture)", "grade": "B-block/C-plot"}, "geometry": {"type": "Polygon", "coordinates": [[[582886.229315555, 6061047.044101198], [582883.5386303379, 6061058.18101041], [582895.4661577265, 6061056.413741384], [582895.4426863902, 6061055.362786595], [582893.5248624745, 6061050.03575314], [582893.5699292088, 6061045.754805324], [582886.229315555, 6061047.044101198]]]}}, {"type": "Feature", "properties": {"id": "wedge-26-22", "kind": "plot", "zone": "wedge", "storeys": 2, "source": "1842 plan of Vilnius (Polona, public domain), traced; plots split at ~13 m frontage (conjecture)", "grade": "B-block/C-plot"}, "geometry": {"type": "Polygon", "coordinates": [[[582883.5386303379, 6061058.18101041], [582881.1766731002, 6061059.984672439], [582880.0309065252, 6061063.231146243], [582885.9963405693, 6061071.791217538], [582897.2549621582, 6061068.9939636225], [582895.2621696278, 6061062.251165405], [582895.4661577265, 6061056.413741384], [582883.5386303379, 6061058.18101041]]]}}, {"type": "Feature", "properties": {"id": "wedge-26-23", "kind": "plot", "zone": "wedge", "storeys": 2, "source": "1842 plan of Vilnius (Polona, public domain), traced; plots split at ~13 m frontage (conjecture)", "grade": "B-block/C-plot"}, "geometry": {"type": "Polygon", "coordinates": [[[582886.229315555, 6061047.044101198], [582893.5699292088, 6061045.754805324], [582891.2155329745, 6061039.300657421], [582890.513778739, 6061038.595868455], [582889.121907987, 6061038.641968784], [582883.2290046902, 6061042.773195622], [582886.229315555, 6061047.044101198]]]}}, {"type": "Feature", "properties": {"id": "wedge-26-24", "kind": "plot", "zone": "wedge", "storeys": 2, "source": "1842 plan of Vilnius (Polona, public domain), traced; plots split at ~13 m frontage (conjecture)", "grade": "B-block/C-plot"}, "geometry": {"type": "Polygon", "coordinates": [[[582893.366342773, 6061140.599272258], [582895.3687060293, 6061138.896802726], [582896.0500511014, 6061138.814418629], [582899.9348407105, 6061143.055117835], [582902.0270972445, 6061137.298643909], [582902.2264181013, 6061135.6040308615], [582899.182250329, 6061130.208831179], [582897.4654795369, 6061131.074188194], [582896.7103281405, 6061130.856223386], [582890.9140834934, 6061133.777500338], [582893.366342773, 6061140.599272258]]]}}, {"type": "Feature", "properties": {"id": "wedge-26-25", "kind": "plot", "zone": "wedge", "storeys": 2, "source": "1842 plan of Vilnius (Polona, public domain), traced; plots split at ~13 m frontage (conjecture)", "grade": "B-block/C-plot"}, "geometry": {"type": "Polygon", "coordinates": [[[582887.8129601323, 6061084.710728654], [582887.0481644134, 6061098.412011908], [582903.1549599029, 6061094.1163441455], [582900.5091931325, 6061081.304408991], [582887.8129601323, 6061084.710728654]]]}}, {"type": "Feature", "properties": {"id": "wedge-26-26", "kind": "plot", "zone": "wedge", "storeys": 2, "source": "1842 plan of Vilnius (Polona, public domain), traced; plots split at ~13 m frontage (conjecture)", "grade": "B-block/C-plot"}, "geometry": {"type": "Polygon", "coordinates": [[[582887.0481644134, 6061098.412011908], [582886.3817428821, 6061099.619112116], [582896.1188457642, 6061106.815532235], [582906.3535457538, 6061104.129667763], [582905.4559843391, 6061100.899392775], [582903.7679873822, 6061097.035337799], [582903.1549599029, 6061094.1163441455], [582887.0481644134, 6061098.412011908]]]}}, {"type": "Feature", "properties": {"id": "wedge-26-27", "kind": "plot", "zone": "wedge", "storeys": 2, "source": "1842 plan of Vilnius (Polona, public domain), traced; plots split at ~13 m frontage (conjecture)", "grade": "B-block/C-plot"}, "geometry": {"type": "Polygon", "coordinates": [[[582885.9963405693, 6061071.791217538], [582885.5007794045, 6061080.636528917], [582887.8129601323, 6061084.710728654], [582900.5091931325, 6061081.304408991], [582898.2672061577, 6061074.5420725625], [582897.9921585559, 6061071.501476037], [582897.2549621582, 6061068.9939636225], [582885.9963405693, 6061071.791217538]]]}}, {"type": "Feature", "properties": {"id": "wedge-26-28", "kind": "plot", "zone": "wedge", "storeys": 2, "source": "1842 plan of Vilnius (Polona, public domain), traced; plots split at ~13 m frontage (conjecture)", "grade": "B-block/C-plot"}, "geometry": {"type": "Polygon", "coordinates": [[[582902.2264181013, 6061135.6040308615], [582909.8501660688, 6061132.646193812], [582907.8164507945, 6061127.424592961], [582907.2089489561, 6061126.792455826], [582905.9205903852, 6061126.710096404], [582899.182250329, 6061130.208831179], [582902.2264181013, 6061135.6040308615]]]}}, {"type": "Feature", "properties": {"id": "wedge-26-29", "kind": "plot", "zone": "wedge", "storeys": 2, "source": "1842 plan of Vilnius (Polona, public domain), traced; plots split at ~13 m frontage (conjecture)", "grade": "B-block/C-plot"}, "geometry": {"type": "Polygon", "coordinates": [[[582902.0270972445, 6061137.298643909], [582899.9348407105, 6061143.055117835], [582900.3680291164, 6061143.248600873], [582901.5253812138, 6061143.08392528], [582904.1864187267, 6061140.980038158], [582906.6773570031, 6061143.347405644], [582907.9137506025, 6061143.522869182], [582911.950647962, 6061140.973410621], [582912.4437144609, 6061140.261660229], [582912.5125412467, 6061139.697880055], [582902.0270972445, 6061137.298643909]]]}}, {"type": "Feature", "properties": {"id": "wedge-26-30", "kind": "plot", "zone": "wedge", "storeys": 3, "source": "1842 plan of Vilnius (Polona, public domain), traced; plots split at ~13 m frontage (conjecture)", "grade": "B-block/C-plot"}, "geometry": {"type": "Polygon", "coordinates": [[[582896.1188457642, 6061106.815532235], [582899.8420592106, 6061114.138329181], [582907.426364851, 6061110.273942268], [582908.0846689591, 6061109.324511226], [582906.3535457538, 6061104.129667763], [582896.1188457642, 6061106.815532235]]]}}, {"type": "Feature", "properties": {"id": "wedge-26-31", "kind": "plot", "zone": "wedge", "storeys": 2, "source": "1842 plan of Vilnius (Polona, public domain), traced; plots split at ~13 m frontage (conjecture)", "grade": "B-block/C-plot"}, "geometry": {"type": "Polygon", "coordinates": [[[582902.2264181013, 6061135.6040308615], [582902.0270972445, 6061137.298643909], [582912.5125412467, 6061139.697880055], [582909.8501660688, 6061132.646193812], [582902.2264181013, 6061135.6040308615]]]}}, {"type": "Feature", "properties": {"id": "wedge-27-0", "kind": "plot", "zone": "wedge", "storeys": 2, "source": "1842 plan of Vilnius (Polona, public domain), traced; plots split at ~13 m frontage (conjecture)", "grade": "B-block/C-plot"}, "geometry": {"type": "Polygon", "coordinates": [[[582907.1671068659, 6061164.990227412], [582909.5231659889, 6061162.60769871], [582909.4498687802, 6061160.959005627], [582908.7654642268, 6061160.435873535], [582907.481119238, 6061160.226000422], [582903.0821489736, 6061156.336318795], [582901.2199710093, 6061156.592779111], [582900.5845954973, 6061157.996948962], [582901.6411279967, 6061160.425747333], [582905.7360128184, 6061164.741123506], [582907.1671068659, 6061164.990227412]]]}}, {"type": "Feature", "properties": {"id": "wedge-28-0", "kind": "plot", "zone": "wedge", "storeys": 2, "source": "1842 plan of Vilnius (Polona, public domain), traced; plots split at ~13 m frontage (conjecture)", "grade": "B-block/C-plot"}, "geometry": {"type": "Polygon", "coordinates": [[[582840.6442439705, 6061146.467154724], [582833.385897789, 6061142.558973955], [582830.3429761006, 6061149.771943654], [582830.3544798342, 6061150.948359785], [582835.6041738987, 6061154.505335278], [582840.6442439705, 6061146.467154724]]]}}, {"type": "Feature", "properties": {"id": "wedge-28-1", "kind": "plot", "zone": "wedge", "storeys": 3, "source": "1842 plan of Vilnius (Polona, public domain), traced; plots split at ~13 m frontage (conjecture)", "grade": "B-block/C-plot"}, "geometry": {"type": "Polygon", "coordinates": [[[582835.6041738987, 6061154.505335278], [582844.6975991597, 6061160.125435029], [582850.6873474243, 6061150.433911643], [582849.8435661462, 6061147.458915619], [582846.305756556, 6061146.019136751], [582840.6442439705, 6061146.467154724], [582835.6041738987, 6061154.505335278]]]}}, {"type": "Feature", "properties": {"id": "wedge-28-2", "kind": "plot", "zone": "wedge", "storeys": 2, "source": "1842 plan of Vilnius (Polona, public domain), traced; plots split at ~13 m frontage (conjecture)", "grade": "B-block/C-plot"}, "geometry": {"type": "Polygon", "coordinates": [[[582840.6442439705, 6061146.467154724], [582846.305756556, 6061146.019136751], [582842.6987398089, 6061134.028848899], [582837.7517589777, 6061136.1094176425], [582834.7658945984, 6061140.9702259395], [582833.385897789, 6061142.558973955], [582840.6442439705, 6061146.467154724]]]}}, {"type": "Feature", "properties": {"id": "wedge-28-3", "kind": "plot", "zone": "wedge", "storeys": 2, "source": "1842 plan of Vilnius (Polona, public domain), traced; plots split at ~13 m frontage (conjecture)", "grade": "B-block/C-plot"}, "geometry": {"type": "Polygon", "coordinates": [[[582856.441205362, 6061140.135112269], [582863.8131771204, 6061131.8535462255], [582862.4347466587, 6061126.187269664], [582861.7727998894, 6061125.7405459145], [582860.7646104392, 6061125.693644457], [582860.0423443955, 6061126.178011398], [582859.634106461, 6061128.831501253], [582856.0249027149, 6061132.484944603], [582855.5019466771, 6061134.55070547], [582854.6913396744, 6061135.0], [582856.441205362, 6061140.135112269]]]}}, {"type": "Feature", "properties": {"id": "wedge-28-4", "kind": "plot", "zone": "wedge", "storeys": 2, "source": "1842 plan of Vilnius (Polona, public domain), traced; plots split at ~13 m frontage (conjecture)", "grade": "B-block/C-plot"}, "geometry": {"type": "Polygon", "coordinates": [[[582865.733261568, 6061176.497992519], [582856.9246716625, 6061173.868221009], [582855.4293850064, 6061176.703833961], [582856.18715103, 6061179.200477282], [582856.9370071803, 6061179.884774179], [582862.8100976157, 6061180.0], [582863.7422544969, 6061179.675195111], [582866.1956963507, 6061177.173873284], [582865.733261568, 6061176.497992519]]]}}, {"type": "Feature", "properties": {"id": "wedge-28-5", "kind": "plot", "zone": "wedge", "storeys": 2, "source": "1842 plan of Vilnius (Polona, public domain), traced; plots split at ~13 m frontage (conjecture)", "grade": "B-block/C-plot"}, "geometry": {"type": "Polygon", "coordinates": [[[582844.6975991597, 6061160.125435029], [582856.1288287131, 6061167.190391142], [582861.8170476125, 6061162.733092047], [582861.0875655069, 6061158.100650081], [582850.6873474243, 6061150.433911643], [582844.6975991597, 6061160.125435029]]]}}, {"type": "Feature", "properties": {"id": "wedge-28-6", "kind": "plot", "zone": "wedge", "storeys": 2, "source": "1842 plan of Vilnius (Polona, public domain), traced; plots split at ~13 m frontage (conjecture)", "grade": "B-block/C-plot"}, "geometry": {"type": "Polygon", "coordinates": [[[582846.305756556, 6061146.019136751], [582849.8435661462, 6061147.458915619], [582856.4544819865, 6061140.2831285605], [582854.6913396744, 6061135.0], [582848.2471636197, 6061133.285398389], [582842.6987398089, 6061134.028848899], [582846.305756556, 6061146.019136751]]]}}, {"type": "Feature", "properties": {"id": "wedge-28-7", "kind": "plot", "zone": "wedge", "storeys": 3, "source": "1842 plan of Vilnius (Polona, public domain), traced; plots split at ~13 m frontage (conjecture)", "grade": "B-block/C-plot"}, "geometry": {"type": "Polygon", "coordinates": [[[582850.6873474243, 6061150.433911643], [582861.0875655069, 6061158.100650081], [582867.5048101265, 6061151.6278958535], [582860.4982296098, 6061142.660732662], [582860.406789486, 6061141.929117254], [582861.0184254847, 6061141.282551882], [582856.4544819865, 6061140.2831285605], [582849.8435661462, 6061147.458915619], [582850.6873474243, 6061150.433911643]]]}}, {"type": "Feature", "properties": {"id": "wedge-28-8", "kind": "plot", "zone": "wedge", "storeys": 2, "source": "1842 plan of Vilnius (Polona, public domain), traced; plots split at ~13 m frontage (conjecture)", "grade": "B-block/C-plot"}, "geometry": {"type": "Polygon", "coordinates": [[[582865.733261568, 6061176.497992519], [582866.1956963507, 6061177.173873284], [582874.221043394, 6061169.951060946], [582872.793027862, 6061165.219280921], [582862.7275914653, 6061163.326760278], [582865.733261568, 6061176.497992519]]]}}, {"type": "Feature", "properties": {"id": "wedge-28-9", "kind": "plot", "zone": "wedge", "storeys": 2, "source": "1842 plan of Vilnius (Polona, public domain), traced; plots split at ~13 m frontage (conjecture)", "grade": "B-block/C-plot"}, "geometry": {"type": "Polygon", "coordinates": [[[582862.7275914653, 6061163.326760278], [582861.8170476125, 6061162.733092047], [582856.1288287131, 6061167.190391142], [582859.0921904456, 6061169.024309516], [582859.4334522269, 6061169.616932979], [582856.9246716625, 6061173.868221009], [582865.733261568, 6061176.497992519], [582862.7275914653, 6061163.326760278]]]}}, {"type": "Feature", "properties": {"id": "wedge-28-10", "kind": "plot", "zone": "wedge", "storeys": 3, "source": "1842 plan of Vilnius (Polona, public domain), traced; plots split at ~13 m frontage (conjecture)", "grade": "B-block/C-plot"}, "geometry": {"type": "Polygon", "coordinates": [[[582863.8131771204, 6061131.8535462255], [582868.8861217577, 6061134.774024537], [582871.089521253, 6061132.941496032], [582871.522154474, 6061131.853393763], [582871.2398522943, 6061131.010763618], [582869.3791987327, 6061128.896050741], [582867.233134281, 6061127.405422854], [582862.4347466587, 6061126.187269664], [582863.8131771204, 6061131.8535462255]]]}}, {"type": "Feature", "properties": {"id": "wedge-28-11", "kind": "plot", "zone": "wedge", "storeys": 2, "source": "1842 plan of Vilnius (Polona, public domain), traced; plots split at ~13 m frontage (conjecture)", "grade": "B-block/C-plot"}, "geometry": {"type": "Polygon", "coordinates": [[[582863.8131771204, 6061131.8535462255], [582856.441205362, 6061140.135112269], [582856.4544819865, 6061140.2831285605], [582861.0184254847, 6061141.282551882], [582868.8861217577, 6061134.774024537], [582863.8131771204, 6061131.8535462255]]]}}, {"type": "Feature", "properties": {"id": "wedge-28-12", "kind": "plot", "zone": "wedge", "storeys": 2, "source": "1842 plan of Vilnius (Polona, public domain), traced; plots split at ~13 m frontage (conjecture)", "grade": "B-block/C-plot"}, "geometry": {"type": "Polygon", "coordinates": [[[582861.0875655069, 6061158.100650081], [582861.8170476125, 6061162.733092047], [582862.7275914653, 6061163.326760278], [582872.793027862, 6061165.219280921], [582875.8719621989, 6061162.36655823], [582877.8667826689, 6061159.692197618], [582867.5048101265, 6061151.6278958535], [582861.0875655069, 6061158.100650081]]]}}, {"type": "Feature", "properties": {"id": "wedge-28-13", "kind": "plot", "zone": "wedge", "storeys": 2, "source": "1842 plan of Vilnius (Polona, public domain), traced; plots split at ~13 m frontage (conjecture)", "grade": "B-block/C-plot"}, "geometry": {"type": "Polygon", "coordinates": [[[582875.8719621989, 6061162.36655823], [582872.793027862, 6061165.219280921], [582874.221043394, 6061169.951060946], [582875.0977777244, 6061169.278971141], [582876.569129828, 6061169.302340189], [582878.0724270451, 6061170.179654398], [582878.9064892225, 6061171.785664362], [582880.4277410066, 6061171.960015494], [582882.7342973308, 6061168.795755175], [582875.8719621989, 6061162.36655823]]]}}, {"type": "Feature", "properties": {"id": "wedge-28-14", "kind": "plot", "zone": "wedge", "storeys": 3, "source": "1842 plan of Vilnius (Polona, public domain), traced; plots split at ~13 m frontage (conjecture)", "grade": "B-block/C-plot"}, "geometry": {"type": "Polygon", "coordinates": [[[582875.8719621989, 6061162.36655823], [582882.7342973308, 6061168.795755175], [582883.7360997922, 6061168.576042717], [582906.4924935779, 6061179.872133049], [582908.2329608719, 6061179.934273729], [582909.1233654474, 6061179.194453754], [582909.1694674118, 6061177.902045298], [582907.732564564, 6061175.689169611], [582881.9292760559, 6061162.8370653], [582877.8667826689, 6061159.692197618], [582875.8719621989, 6061162.36655823]]]}}, {"type": "Feature", "properties": {"id": "wedge-29-0", "kind": "plot", "zone": "wedge", "storeys": 2, "source": "1842 plan of Vilnius (Polona, public domain), traced; plots split at ~13 m frontage (conjecture)", "grade": "B-block/C-plot"}, "geometry": {"type": "Polygon", "coordinates": [[[582877.6953299433, 6061144.8560037], [582876.366789058, 6061146.045068011], [582876.1870623911, 6061147.315268475], [582879.4714740021, 6061151.258930275], [582880.8971365804, 6061151.237898914], [582884.2167166269, 6061148.4340027375], [582877.6953299433, 6061144.8560037]]]}}, {"type": "Feature", "properties": {"id": "wedge-29-1", "kind": "plot", "zone": "wedge", "storeys": 2, "source": "1842 plan of Vilnius (Polona, public domain), traced; plots split at ~13 m frontage (conjecture)", "grade": "B-block/C-plot"}, "geometry": {"type": "Polygon", "coordinates": [[[582884.2167166269, 6061148.4340027375], [582885.8035365968, 6061146.985735044], [582885.9880777445, 6061145.82393932], [582882.4886005159, 6061142.143656354], [582881.032246209, 6061142.1204677755], [582877.6953299433, 6061144.8560037], [582884.2167166269, 6061148.4340027375]]]}}, {"type": "Feature", "properties": {"id": "wedge-30-0", "kind": "plot", "zone": "wedge", "storeys": 2, "source": "1842 plan of Vilnius (Polona, public domain), traced; plots split at ~13 m frontage (conjecture)", "grade": "B-block/C-plot"}, "geometry": {"type": "Polygon", "coordinates": [[[582796.9615520396, 6061096.635685502], [582790.0, 6061096.635685502], [582790.007444683, 6061104.931161166], [582790.6854082303, 6061106.041440601], [582791.5359250427, 6061106.28147064], [582792.3739719811, 6061106.000987847], [582797.6274156171, 6061101.521214223], [582796.9615520396, 6061096.635685502]]]}}, {"type": "Feature", "properties": {"id": "wedge-30-1", "kind": "plot", "zone": "wedge", "storeys": 2, "source": "1842 plan of Vilnius (Polona, public domain), traced; plots split at ~13 m frontage (conjecture)", "grade": "B-block/C-plot"}, "geometry": {"type": "Polygon", "coordinates": [[[582811.3910140739, 6061105.697081529], [582809.5032937222, 6061104.455998928], [582809.2333881302, 6061103.903832363], [582809.6681679217, 6061102.508277018], [582809.3531469309, 6061100.980226119], [582810.958930717, 6061098.600734384], [582807.0012068622, 6061096.622252683], [582802.7095580777, 6061104.153186026], [582803.8300813359, 6061104.557118378], [582807.0934889407, 6061107.256299856], [582808.8185708604, 6061108.045624752], [582811.3910140739, 6061105.697081529]]]}}, {"type": "Feature", "properties": {"id": "wedge-30-2", "kind": "plot", "zone": "wedge", "storeys": 2, "source": "1842 plan of Vilnius (Polona, public domain), traced; plots split at ~13 m frontage (conjecture)", "grade": "B-block/C-plot"}, "geometry": {"type": "Polygon", "coordinates": [[[582796.9615520396, 6061096.635685502], [582800.6916861795, 6061092.617273114], [582800.4831550415, 6061091.8303618245], [582791.862709483, 6061085.6485614665], [582790.0259328018, 6061087.715328115], [582790.0, 6061096.635685502], [582796.9615520396, 6061096.635685502]]]}}, {"type": "Feature", "properties": {"id": "wedge-30-3", "kind": "plot", "zone": "wedge", "storeys": 2, "source": "1842 plan of Vilnius (Polona, public domain), traced; plots split at ~13 m frontage (conjecture)", "grade": "B-block/C-plot"}, "geometry": {"type": "Polygon", "coordinates": [[[582797.6274156171, 6061101.521214223], [582799.057911106, 6061101.589294131], [582801.3872319479, 6061103.63786197], [582802.7095580777, 6061104.153186026], [582807.0012068622, 6061096.622252683], [582805.2237418332, 6061094.4499752335], [582800.6916861795, 6061092.617273114], [582796.9615520396, 6061096.635685502], [582797.6274156171, 6061101.521214223]]]}}, {"type": "Feature", "properties": {"id": "wedge-30-4", "kind": "plot", "zone": "wedge", "storeys": 2, "source": "1842 plan of Vilnius (Polona, public domain), traced; plots split at ~13 m frontage (conjecture)", "grade": "B-block/C-plot"}, "geometry": {"type": "Polygon", "coordinates": [[[582793.9798806207, 6061151.314869909], [582800.1074805835, 6061155.7583145695], [582802.8861808446, 6061154.2379756365], [582804.486013837, 6061151.294186521], [582802.3700843899, 6061143.270811915], [582799.8984449913, 6061145.954488009], [582798.0083266149, 6061145.976307117], [582796.62220402, 6061145.274844221], [582793.9798806207, 6061151.314869909]]]}}, {"type": "Feature", "properties": {"id": "wedge-30-5", "kind": "plot", "zone": "wedge", "storeys": 2, "source": "1842 plan of Vilnius (Polona, public domain), traced; plots split at ~13 m frontage (conjecture)", "grade": "B-block/C-plot"}, "geometry": {"type": "Polygon", "coordinates": [[[582793.9798806207, 6061151.314869909], [582796.62220402, 6061145.274844221], [582793.3206812016, 6061143.534787891], [582792.2070951049, 6061142.548438447], [582791.0645729839, 6061142.43590984], [582790.3404843198, 6061142.919730417], [582790.00722291, 6061143.724294633], [582790.0, 6061151.314869909], [582793.9798806207, 6061151.314869909]]]}}, {"type": "Feature", "properties": {"id": "wedge-30-6", "kind": "plot", "zone": "wedge", "storeys": 2, "source": "1842 plan of Vilnius (Polona, public domain), traced; plots split at ~13 m frontage (conjecture)", "grade": "B-block/C-plot"}, "geometry": {"type": "Polygon", "coordinates": [[[582800.1074805835, 6061155.7583145695], [582793.9798806207, 6061151.314869909], [582790.0, 6061151.314869909], [582790.0069685727, 6061157.257746745], [582790.3289451555, 6061158.050679621], [582792.597019966, 6061158.804767831], [582797.4556513961, 6061161.440210758], [582800.1074805835, 6061155.7583145695]]]}}, {"type": "Feature", "properties": {"id": "wedge-30-7", "kind": "plot", "zone": "wedge", "storeys": 2, "source": "1842 plan of Vilnius (Polona, public domain), traced; plots split at ~13 m frontage (conjecture)", "grade": "B-block/C-plot"}, "geometry": {"type": "Polygon", "coordinates": [[[582804.7623752642, 6061172.692601074], [582804.5534348066, 6061172.015540331], [582803.4181851165, 6061173.944555321], [582802.8082582748, 6061174.249157867], [582800.9595892422, 6061174.218522337], [582798.272582334, 6061172.977205088], [582798.272582334, 6061180.0], [582804.7623752642, 6061180.0], [582804.7623752642, 6061172.692601074]]]}}, {"type": "Feature", "properties": {"id": "wedge-30-8", "kind": "plot", "zone": "wedge", "storeys": 2, "source": "1842 plan of Vilnius (Polona, public domain), traced; plots split at ~13 m frontage (conjecture)", "grade": "B-block/C-plot"}, "geometry": {"type": "Polygon", "coordinates": [[[582797.1128464513, 6061172.461425564], [582791.7642105005, 6061170.964462102], [582790.4302876545, 6061171.389479627], [582790.0070662415, 6061172.295583457], [582790.0, 6061178.5], [582790.4393398282, 6061179.560660171], [582791.8817324493, 6061180.0], [582797.1128464513, 6061172.461425564]]]}}, {"type": "Feature", "properties": {"id": "wedge-30-9", "kind": "plot", "zone": "wedge", "storeys": 2, "source": "1842 plan of Vilnius (Polona, public domain), traced; plots split at ~13 m frontage (conjecture)", "grade": "B-block/C-plot"}, "geometry": {"type": "Polygon", "coordinates": [[[582798.272582334, 6061172.977205088], [582797.1128464513, 6061172.461425564], [582791.8817324493, 6061180.0], [582798.272582334, 6061180.0], [582798.272582334, 6061172.977205088]]]}}, {"type": "Feature", "properties": {"id": "wedge-30-10", "kind": "plot", "zone": "wedge", "storeys": 2, "source": "1842 plan of Vilnius (Polona, public domain), traced; plots split at ~13 m frontage (conjecture)", "grade": "B-block/C-plot"}, "geometry": {"type": "Polygon", "coordinates": [[[582797.4556513961, 6061161.440210758], [582801.1904829006, 6061163.460332338], [582803.5402570677, 6061164.02368573], [582809.0335292823, 6061166.766764641], [582811.9366400876, 6061165.194769704], [582812.5635457895, 6061163.306102837], [582802.8861808446, 6061154.2379756365], [582800.1074805835, 6061155.7583145695], [582797.4556513961, 6061161.440210758]]]}}, {"type": "Feature", "properties": {"id": "wedge-30-11", "kind": "plot", "zone": "wedge", "storeys": 3, "source": "1842 plan of Vilnius (Polona, public domain), traced; plots split at ~13 m frontage (conjecture)", "grade": "B-block/C-plot"}, "geometry": {"type": "Polygon", "coordinates": [[[582816.8253356179, 6061115.033597452], [582810.261355077, 6061111.238644923], [582807.318178723, 6061113.536791517], [582806.8476170105, 6061114.572816595], [582807.0648497408, 6061115.407984994], [582808.3102140934, 6061116.900950465], [582811.1651750298, 6061117.496751566], [582813.6460536127, 6061119.382985935], [582815.5506557879, 6061119.69337172], [582817.3766087976, 6061118.717543402], [582816.8253356179, 6061115.033597452]]]}}, {"type": "Feature", "properties": {"id": "wedge-30-12", "kind": "plot", "zone": "wedge", "storeys": 2, "source": "1842 plan of Vilnius (Polona, public domain), traced; plots split at ~13 m frontage (conjecture)", "grade": "B-block/C-plot"}, "geometry": {"type": "Polygon", "coordinates": [[[582800.4831550415, 6061091.8303618245], [582803.7585258216, 6061083.129262911], [582799.8209812595, 6061081.779602653], [582797.3410299566, 6061081.783339277], [582794.2546536832, 6061083.506376684], [582791.862709483, 6061085.6485614665], [582800.4831550415, 6061091.8303618245]]]}}, {"type": "Feature", "properties": {"id": "wedge-30-13", "kind": "plot", "zone": "wedge", "storeys": 2, "source": "1842 plan of Vilnius (Polona, public domain), traced; plots split at ~13 m frontage (conjecture)", "grade": "B-block/C-plot"}, "geometry": {"type": "Polygon", "coordinates": [[[582804.7623752642, 6061172.692601074], [582816.1858655734, 6061177.7721278705], [582817.8011231587, 6061172.550108844], [582811.9366400876, 6061165.194769704], [582809.0335292823, 6061166.766764641], [582812.757032219, 6061169.183019362], [582813.0180648923, 6061169.727523257], [582812.773553091, 6061170.351759007], [582812.1349051307, 6061170.569568195], [582807.0310392373, 6061169.87551946], [582805.0226908524, 6061171.270212034], [582804.5534348066, 6061172.015540331], [582804.7623752642, 6061172.692601074]]]}}, {"type": "Feature", "properties": {"id": "wedge-30-14", "kind": "plot", "zone": "wedge", "storeys": 3, "source": "1842 plan of Vilnius (Polona, public domain), traced; plots split at ~13 m frontage (conjecture)", "grade": "B-block/C-plot"}, "geometry": {"type": "Polygon", "coordinates": [[[582800.4831550415, 6061091.8303618245], [582800.6916861795, 6061092.617273114], [582805.2237418332, 6061094.4499752335], [582811.6500140157, 6061087.819237238], [582808.4968006011, 6061085.505176737], [582803.7585258216, 6061083.129262911], [582800.4831550415, 6061091.8303618245]]]}}, {"type": "Feature", "properties": {"id": "wedge-30-15", "kind": "plot", "zone": "wedge", "storeys": 2, "source": "1842 plan of Vilnius (Polona, public domain), traced; plots split at ~13 m frontage (conjecture)", "grade": "B-block/C-plot"}, "geometry": {"type": "Polygon", "coordinates": [[[582812.5635457895, 6061163.306102837], [582813.853630134, 6061162.096550115], [582811.2674162129, 6061160.459761264], [582810.991297657, 6061159.758697002], [582813.7329622812, 6061155.172307804], [582813.6407001338, 6061153.79381088], [582812.2459836368, 6061152.758659706], [582809.6222065475, 6061151.848316717], [582809.25, 6061150.822993073], [582804.486013837, 6061151.294186521], [582802.8861808446, 6061154.2379756365], [582812.5635457895, 6061163.306102837]]]}}, {"type": "Feature", "properties": {"id": "wedge-30-16", "kind": "plot", "zone": "wedge", "storeys": 2, "source": "1842 plan of Vilnius (Polona, public domain), traced; plots split at ~13 m frontage (conjecture)", "grade": "B-block/C-plot"}, "geometry": {"type": "Polygon", "coordinates": [[[582814.7133408102, 6061143.248768155], [582815.6214255061, 6061136.226520821], [582810.987697623, 6061132.586072139], [582808.2166049526, 6061136.537500333], [582803.2334725844, 6061142.276607328], [582814.7133408102, 6061143.248768155]]]}}, {"type": "Feature", "properties": {"id": "wedge-30-17", "kind": "plot", "zone": "wedge", "storeys": 2, "source": "1842 plan of Vilnius (Polona, public domain), traced; plots split at ~13 m frontage (conjecture)", "grade": "B-block/C-plot"}, "geometry": {"type": "Polygon", "coordinates": [[[582804.486013837, 6061151.294186521], [582809.25, 6061150.822993073], [582812.8984102687, 6061146.165024129], [582815.9873719799, 6061146.129885738], [582814.7133408102, 6061143.248768155], [582803.2334725844, 6061142.276607328], [582802.3700843899, 6061143.270811915], [582804.486013837, 6061151.294186521]]]}}, {"type": "Feature", "properties": {"id": "wedge-30-18", "kind": "plot", "zone": "wedge", "storeys": 3, "source": "1842 plan of Vilnius (Polona, public domain), traced; plots split at ~13 m frontage (conjecture)", "grade": "B-block/C-plot"}, "geometry": {"type": "Polygon", "coordinates": [[[582807.0012068622, 6061096.622252683], [582810.958930717, 6061098.600734384], [582815.7403559076, 6061091.633950424], [582815.9187326267, 6061090.766439347], [582815.5766329868, 6061089.949517343], [582811.6500140157, 6061087.819237238], [582805.2237418332, 6061094.4499752335], [582807.0012068622, 6061096.622252683]]]}}, {"type": "Feature", "properties": {"id": "wedge-30-19", "kind": "plot", "zone": "wedge", "storeys": 2, "source": "1842 plan of Vilnius (Polona, public domain), traced; plots split at ~13 m frontage (conjecture)", "grade": "B-block/C-plot"}, "geometry": {"type": "Polygon", "coordinates": [[[582816.1858655734, 6061177.7721278705], [582804.7623752642, 6061172.692601074], [582804.7623752642, 6061180.0], [582816.1858655734, 6061180.0], [582816.1858655734, 6061177.7721278705]]]}}, {"type": "Feature", "properties": {"id": "wedge-30-20", "kind": "plot", "zone": "wedge", "storeys": 3, "source": "1842 plan of Vilnius (Polona, public domain), traced; plots split at ~13 m frontage (conjecture)", "grade": "B-block/C-plot"}, "geometry": {"type": "Polygon", "coordinates": [[[582829.1654514335, 6061178.064806568], [582822.7395655155, 6061171.377165509], [582817.8011231587, 6061172.550108844], [582816.1858655734, 6061177.7721278705], [582816.1858655734, 6061180.0], [582829.1654514335, 6061180.0], [582829.1654514335, 6061178.064806568]]]}}, {"type": "Feature", "properties": {"id": "wedge-30-21", "kind": "plot", "zone": "wedge", "storeys": 3, "source": "1842 plan of Vilnius (Polona, public domain), traced; plots split at ~13 m frontage (conjecture)", "grade": "B-block/C-plot"}, "geometry": {"type": "Polygon", "coordinates": [[[582815.6214255061, 6061136.226520821], [582822.8869287157, 6061134.172736058], [582825.2606552726, 6061124.3648209805], [582819.6052853055, 6061121.725304032], [582818.3492673787, 6061123.138324199], [582816.4928370113, 6061126.247166197], [582813.6083149724, 6061129.151275779], [582812.7090497768, 6061131.020553876], [582810.987697623, 6061132.586072139], [582815.6214255061, 6061136.226520821]]]}}, {"type": "Feature", "properties": {"id": "wedge-30-22", "kind": "plot", "zone": "wedge", "storeys": 2, "source": "1842 plan of Vilnius (Polona, public domain), traced; plots split at ~13 m frontage (conjecture)", "grade": "B-block/C-plot"}, "geometry": {"type": "Polygon", "coordinates": [[[582814.7133408102, 6061143.248768155], [582815.9873719799, 6061146.129885738], [582818.7910049403, 6061146.128550189], [582825.8286556089, 6061140.635893827], [582827.13150882, 6061138.883558828], [582822.8869287157, 6061134.172736058], [582815.6214255061, 6061136.226520821], [582814.7133408102, 6061143.248768155]]]}}, {"type": "Feature", "properties": {"id": "wedge-30-23", "kind": "plot", "zone": "wedge", "storeys": 2, "source": "1842 plan of Vilnius (Polona, public domain), traced; plots split at ~13 m frontage (conjecture)", "grade": "B-block/C-plot"}, "geometry": {"type": "Polygon", "coordinates": [[[582811.9366400876, 6061165.194769704], [582817.8011231587, 6061172.550108844], [582822.7395655155, 6061171.377165509], [582825.8528870319, 6061166.420147288], [582820.3554718402, 6061163.0010274565], [582819.2146875242, 6061163.028987396], [582817.5432352483, 6061164.326799191], [582813.853630134, 6061162.096550115], [582812.5635457895, 6061163.306102837], [582811.9366400876, 6061165.194769704]]]}}, {"type": "Feature", "properties": {"id": "wedge-30-24", "kind": "plot", "zone": "wedge", "storeys": 2, "source": "1842 plan of Vilnius (Polona, public domain), traced; plots split at ~13 m frontage (conjecture)", "grade": "B-block/C-plot"}, "geometry": {"type": "Polygon", "coordinates": [[[582826.242590545, 6061109.04506486], [582831.0604506594, 6061111.541463365], [582835.8011097189, 6061105.02063855], [582830.5000467433, 6061100.532129799], [582829.1031894436, 6061100.366547836], [582824.0772790718, 6061107.046276901], [582826.242590545, 6061109.04506486]]]}}, {"type": "Feature", "properties": {"id": "wedge-30-25", "kind": "plot", "zone": "wedge", "storeys": 2, "source": "1842 plan of Vilnius (Polona, public domain), traced; plots split at ~13 m frontage (conjecture)", "grade": "B-block/C-plot"}, "geometry": {"type": "Polygon", "coordinates": [[[582808.8185708604, 6061108.045624752], [582810.9258612253, 6061109.189084634], [582810.9531469955, 6061110.435527307], [582810.261355077, 6061111.238644923], [582816.8253356179, 6061115.033597452], [582818.2405213567, 6061110.160408543], [582811.3910140739, 6061105.697081529], [582808.8185708604, 6061108.045624752]]]}}, {"type": "Feature", "properties": {"id": "wedge-30-26", "kind": "plot", "zone": "wedge", "storeys": 2, "source": "1842 plan of Vilnius (Polona, public domain), traced; plots split at ~13 m frontage (conjecture)", "grade": "B-block/C-plot"}, "geometry": {"type": "Polygon", "coordinates": [[[582826.242590545, 6061109.04506486], [582824.0772790718, 6061107.046276901], [582821.8775442521, 6061110.021195925], [582820.5586427117, 6061110.111283847], [582819.3739775956, 6061110.720362285], [582818.2405213567, 6061110.160408543], [582816.8253356179, 6061115.033597452], [582817.3766087976, 6061118.717543402], [582819.5764939936, 6061116.619031166], [582821.1866135139, 6061116.5008934], [582826.242590545, 6061109.04506486]]]}}, {"type": "Feature", "properties": {"id": "wedge-30-27", "kind": "plot", "zone": "wedge", "storeys": 2, "source": "1842 plan of Vilnius (Polona, public domain), traced; plots split at ~13 m frontage (conjecture)", "grade": "B-block/C-plot"}, "geometry": {"type": "Polygon", "coordinates": [[[582822.8869287157, 6061134.172736058], [582827.13150882, 6061138.883558828], [582827.8242054903, 6061137.950340818], [582831.2456232837, 6061135.49495361], [582836.1958682581, 6061130.318614206], [582829.3361109722, 6061123.060502578], [582825.2606552726, 6061124.3648209805], [582822.8869287157, 6061134.172736058]]]}}, {"type": "Feature", "properties": {"id": "wedge-30-28", "kind": "plot", "zone": "wedge", "storeys": 3, "source": "1842 plan of Vilnius (Polona, public domain), traced; plots split at ~13 m frontage (conjecture)", "grade": "B-block/C-plot"}, "geometry": {"type": "Polygon", "coordinates": [[[582822.7395655155, 6061171.377165509], [582829.1654514335, 6061178.064806568], [582834.0363326985, 6061171.559869664], [582825.8528870319, 6061166.420147288], [582822.7395655155, 6061171.377165509]]]}}, {"type": "Feature", "properties": {"id": "wedge-30-29", "kind": "plot", "zone": "wedge", "storeys": 2, "source": "1842 plan of Vilnius (Polona, public domain), traced; plots split at ~13 m frontage (conjecture)", "grade": "B-block/C-plot"}, "geometry": {"type": "Polygon", "coordinates": [[[582825.2606552726, 6061124.3648209805], [582829.3361109722, 6061123.060502578], [582832.9384015304, 6061117.299629849], [582831.0604506594, 6061111.541463365], [582826.242590545, 6061109.04506486], [582821.1866135139, 6061116.5008934], [582822.1712808436, 6061117.237540997], [582822.2215114399, 6061118.653335428], [582819.6052853055, 6061121.725304032], [582825.2606552726, 6061124.3648209805]]]}}, {"type": "Feature", "properties": {"id": "wedge-30-30", "kind": "plot", "zone": "wedge", "storeys": 2, "source": "1842 plan of Vilnius (Polona, public domain), traced; plots split at ~13 m frontage (conjecture)", "grade": "B-block/C-plot"}, "geometry": {"type": "Polygon", "coordinates": [[[582831.0604506594, 6061111.541463365], [582832.9384015304, 6061117.299629849], [582841.0865454572, 6061117.166028091], [582845.1412023215, 6061111.724101886], [582840.2451151017, 6061107.757571326], [582837.2921687781, 6061106.267670984], [582835.8011097189, 6061105.02063855], [582831.0604506594, 6061111.541463365]]]}}, {"type": "Feature", "properties": {"id": "wedge-30-31", "kind": "plot", "zone": "wedge", "storeys": 2, "source": "1842 plan of Vilnius (Polona, public domain), traced; plots split at ~13 m frontage (conjecture)", "grade": "B-block/C-plot"}, "geometry": {"type": "Polygon", "coordinates": [[[582836.3563909887, 6061173.017013267], [582834.0363326985, 6061171.559869664], [582829.1654514335, 6061178.064806568], [582829.1654514335, 6061180.0], [582836.3563909887, 6061180.0], [582836.3563909887, 6061173.017013267]]]}}, {"type": "Feature", "properties": {"id": "wedge-30-32", "kind": "plot", "zone": "wedge", "storeys": 2, "source": "1842 plan of Vilnius (Polona, public domain), traced; plots split at ~13 m frontage (conjecture)", "grade": "B-block/C-plot"}, "geometry": {"type": "Polygon", "coordinates": [[[582836.3563909887, 6061180.0], [582842.561937963, 6061179.97053854], [582843.5222914314, 6061179.319755323], [582843.7312800215, 6061178.178650005], [582843.1858531435, 6061177.315067237], [582836.3563909887, 6061173.017013267], [582836.3563909887, 6061180.0]]]}}, {"type": "Feature", "properties": {"id": "wedge-30-33", "kind": "plot", "zone": "wedge", "storeys": 2, "source": "1842 plan of Vilnius (Polona, public domain), traced; plots split at ~13 m frontage (conjecture)", "grade": "B-block/C-plot"}, "geometry": {"type": "Polygon", "coordinates": [[[582829.3361109722, 6061123.060502578], [582836.1958682581, 6061130.318614206], [582839.9086154621, 6061128.016223274], [582841.7469537555, 6061125.5280713], [582843.3138011367, 6061125.541847208], [582846.5950691405, 6061126.999580895], [582845.4742615969, 6061123.554600464], [582841.0865454572, 6061117.166028091], [582832.9384015304, 6061117.299629849], [582829.3361109722, 6061123.060502578]]]}}, {"type": "Feature", "properties": {"id": "wedge-30-34", "kind": "plot", "zone": "wedge", "storeys": 3, "source": "1842 plan of Vilnius (Polona, public domain), traced; plots split at ~13 m frontage (conjecture)", "grade": "B-block/C-plot"}, "geometry": {"type": "Polygon", "coordinates": [[[582841.0865454572, 6061117.166028091], [582845.4742615969, 6061123.554600464], [582851.8023261942, 6061116.623863047], [582849.8639438358, 6061114.865127992], [582848.2236495103, 6061114.218533146], [582845.1412023215, 6061111.724101886], [582841.0865454572, 6061117.166028091]]]}}, {"type": "Feature", "properties": {"id": "wedge-30-35", "kind": "plot", "zone": "wedge", "storeys": 3, "source": "1842 plan of Vilnius (Polona, public domain), traced; plots split at ~13 m frontage (conjecture)", "grade": "B-block/C-plot"}, "geometry": {"type": "Polygon", "coordinates": [[[582845.4742615969, 6061123.554600464], [582846.5950691405, 6061126.999580895], [582847.7527186833, 6061126.970546209], [582850.8724556138, 6061124.5959181655], [582851.8491986428, 6061123.068382499], [582855.2611484849, 6061122.5907831965], [582855.802676772, 6061121.907011959], [582855.8722209015, 6061121.037552583], [582855.3191427403, 6061119.845388124], [582851.8023261942, 6061116.623863047], [582845.4742615969, 6061123.554600464]]]}}, {"type": "Feature", "properties": {"id": "vok_nw-31-0", "kind": "plot", "zone": "vok_nw", "storeys": 2, "source": "1842 plan of Vilnius (Polona, public domain), traced; plots split at ~13 m frontage (conjecture)", "grade": "B-block/C-plot"}, "geometry": {"type": "Polygon", "coordinates": [[[582741.6671422529, 6061175.198268982], [582733.3356484551, 6061175.176311166], [582732.7037496109, 6061176.450418354], [582732.373006582, 6061179.045777324], [582733.6206412849, 6061179.992526242], [582741.6671422529, 6061180.0], [582741.6671422529, 6061175.198268982]]]}}, {"type": "Feature", "properties": {"id": "vok_nw-31-1", "kind": "plot", "zone": "vok_nw", "storeys": 2, "source": "1842 plan of Vilnius (Polona, public domain), traced; plots split at ~13 m frontage (conjecture)", "grade": "B-block/C-plot"}, "geometry": {"type": "Polygon", "coordinates": [[[582741.6671422529, 6061175.198268982], [582742.0240458483, 6061174.385598067], [582740.8638192313, 6061167.754259616], [582737.223867391, 6061166.259279396], [582733.3356484551, 6061175.176311166], [582741.6671422529, 6061175.198268982]]]}}, {"type": "Feature", "properties": {"id": "vok_nw-31-2", "kind": "plot", "zone": "vok_nw", "storeys": 3, "source": "1842 plan of Vilnius (Polona, public domain), traced; plots split at ~13 m frontage (conjecture)", "grade": "B-block/C-plot"}, "geometry": {"type": "Polygon", "coordinates": [[[582742.0240458483, 6061174.385598067], [582748.3128757698, 6061174.503006158], [582749.0204983151, 6061172.268557632], [582749.6355773909, 6061171.817980844], [582754.0814942973, 6061172.388122625], [582754.3195629048, 6061168.852550896], [582753.1265064075, 6061165.451200642], [582750.8209222815, 6061164.488321627], [582740.8638192313, 6061167.754259616], [582742.0240458483, 6061174.385598067]]]}}, {"type": "Feature", "properties": {"id": "vok_nw-31-3", "kind": "plot", "zone": "vok_nw", "storeys": 3, "source": "1842 plan of Vilnius (Polona, public domain), traced; plots split at ~13 m frontage (conjecture)", "grade": "B-block/C-plot"}, "geometry": {"type": "Polygon", "coordinates": [[[582742.0240458483, 6061174.385598067], [582741.6671422529, 6061175.198268982], [582741.6671422529, 6061180.0], [582752.2548756824, 6061179.99258726], [582753.5004261247, 6061179.052625582], [582753.569964589, 6061178.173476006], [582753.1334436747, 6061177.407193378], [582748.8379689136, 6061176.062078055], [582748.3128757698, 6061174.503006158], [582742.0240458483, 6061174.385598067]]]}}, {"type": "Feature", "properties": {"id": "vok_nw-31-4", "kind": "plot", "zone": "vok_nw", "storeys": 3, "source": "1842 plan of Vilnius (Polona, public domain), traced; plots split at ~13 m frontage (conjecture)", "grade": "B-block/C-plot"}, "geometry": {"type": "Polygon", "coordinates": [[[582740.8638192313, 6061167.754259616], [582750.8209222815, 6061164.488321627], [582746.1151350752, 6061156.018433882], [582741.7514927441, 6061154.245521768], [582737.223867391, 6061166.259279396], [582740.8638192313, 6061167.754259616]]]}}, {"type": "Feature", "properties": {"id": "vok_nw-31-5", "kind": "plot", "zone": "vok_nw", "storeys": 2, "source": "1842 plan of Vilnius (Polona, public domain), traced; plots split at ~13 m frontage (conjecture)", "grade": "B-block/C-plot"}, "geometry": {"type": "Polygon", "coordinates": [[[582750.8209222815, 6061164.488321627], [582753.1265064075, 6061165.451200642], [582757.4163048436, 6061161.179585737], [582755.1509305922, 6061160.420486648], [582754.8119495662, 6061158.147292973], [582757.1951490259, 6061153.469758491], [582759.6774162082, 6061153.392472069], [582758.8452393415, 6061149.240203785], [582756.302912537, 6061147.142665734], [582746.1151350752, 6061156.018433882], [582750.8209222815, 6061164.488321627]]]}}, {"type": "Feature", "properties": {"id": "vok_nw-31-6", "kind": "plot", "zone": "vok_nw", "storeys": 2, "source": "1842 plan of Vilnius (Polona, public domain), traced; plots split at ~13 m frontage (conjecture)", "grade": "B-block/C-plot"}, "geometry": {"type": "Polygon", "coordinates": [[[582755.8574758704, 6061146.168133204], [582759.8091098379, 6061134.214590414], [582752.2031910304, 6061130.725981027], [582747.7571547097, 6061139.003025396], [582746.6412732656, 6061142.603361887], [582755.8574758704, 6061146.168133204]]]}}, {"type": "Feature", "properties": {"id": "vok_nw-31-7", "kind": "plot", "zone": "vok_nw", "storeys": 2, "source": "1842 plan of Vilnius (Polona, public domain), traced; plots split at ~13 m frontage (conjecture)", "grade": "B-block/C-plot"}, "geometry": {"type": "Polygon", "coordinates": [[[582754.3195629048, 6061168.852550896], [582763.9893462574, 6061169.61224229], [582766.4628901143, 6061164.390316371], [582762.9981342623, 6061162.754982874], [582757.4163048436, 6061161.179585737], [582753.1265064075, 6061165.451200642], [582754.3195629048, 6061168.852550896]]]}}, {"type": "Feature", "properties": {"id": "vok_nw-31-8", "kind": "plot", "zone": "vok_nw", "storeys": 2, "source": "1842 plan of Vilnius (Polona, public domain), traced; plots split at ~13 m frontage (conjecture)", "grade": "B-block/C-plot"}, "geometry": {"type": "Polygon", "coordinates": [[[582746.1151350752, 6061156.018433882], [582756.302912537, 6061147.142665734], [582755.8574758704, 6061146.168133204], [582746.6412732656, 6061142.603361887], [582745.725361465, 6061145.557489915], [582744.2780305566, 6061148.929566343], [582742.9608471019, 6061150.638065736], [582741.7514927441, 6061154.245521768], [582746.1151350752, 6061156.018433882]]]}}, {"type": "Feature", "properties": {"id": "vok_nw-31-9", "kind": "plot", "zone": "vok_nw", "storeys": 3, "source": "1842 plan of Vilnius (Polona, public domain), traced; plots split at ~13 m frontage (conjecture)", "grade": "B-block/C-plot"}, "geometry": {"type": "Polygon", "coordinates": [[[582758.8452393415, 6061149.240203785], [582764.633547646, 6061147.648080095], [582768.8790904356, 6061141.088741004], [582765.1219854698, 6061139.072951382], [582763.1094943287, 6061138.445919715], [582763.0691714442, 6061137.4433346], [582764.02953429, 6061136.510191484], [582765.0706705905, 6061136.547717597], [582767.4325436914, 6061137.787817248], [582764.5964195003, 6061133.266085641], [582763.1442060606, 6061132.823366697], [582759.8091098379, 6061134.214590414], [582755.8574758704, 6061146.168133204], [582756.302912537, 6061147.142665734], [582758.8452393415, 6061149.240203785]]]}}, {"type": "Feature", "properties": {"id": "vok_nw-31-10", "kind": "plot", "zone": "vok_nw", "storeys": 2, "source": "1842 plan of Vilnius (Polona, public domain), traced; plots split at ~13 m frontage (conjecture)", "grade": "B-block/C-plot"}, "geometry": {"type": "Polygon", "coordinates": [[[582763.9893462574, 6061169.61224229], [582754.3195629048, 6061168.852550896], [582754.0814942973, 6061172.388122625], [582759.6413639139, 6061174.706927301], [582761.1800178073, 6061175.994063213], [582765.047417058, 6061176.546828559], [582765.8806484775, 6061176.0040207], [582767.4789972958, 6061173.462084289], [582763.9893462574, 6061169.61224229]]]}}, {"type": "Feature", "properties": {"id": "vok_nw-31-11", "kind": "plot", "zone": "vok_nw", "storeys": 2, "source": "1842 plan of Vilnius (Polona, public domain), traced; plots split at ~13 m frontage (conjecture)", "grade": "B-block/C-plot"}, "geometry": {"type": "Polygon", "coordinates": [[[582759.8091098379, 6061134.214590414], [582763.1442060606, 6061132.823366697], [582763.1715008521, 6061121.594606564], [582756.9272986496, 6061118.6737704845], [582752.2031910304, 6061130.725981027], [582759.8091098379, 6061134.214590414]]]}}, {"type": "Feature", "properties": {"id": "vok_nw-31-12", "kind": "plot", "zone": "vok_nw", "storeys": 2, "source": "1842 plan of Vilnius (Polona, public domain), traced; plots split at ~13 m frontage (conjecture)", "grade": "B-block/C-plot"}, "geometry": {"type": "Polygon", "coordinates": [[[582763.9893462574, 6061169.61224229], [582767.4789972958, 6061173.462084289], [582769.1686582727, 6061170.778866614], [582770.7726653852, 6061169.878434114], [582771.6483134695, 6061168.319200925], [582771.6809208038, 6061167.457474818], [582770.9995893975, 6061166.547111555], [582766.4628901143, 6061164.390316371], [582763.9893462574, 6061169.61224229]]]}}, {"type": "Feature", "properties": {"id": "vok_nw-31-13", "kind": "plot", "zone": "vok_nw", "storeys": 2, "source": "1842 plan of Vilnius (Polona, public domain), traced; plots split at ~13 m frontage (conjecture)", "grade": "B-block/C-plot"}, "geometry": {"type": "Polygon", "coordinates": [[[582764.633547646, 6061147.648080095], [582758.8452393415, 6061149.240203785], [582759.6774162082, 6061153.392472069], [582765.1835555339, 6061155.229614256], [582766.6270010247, 6061156.086144138], [582768.5839566122, 6061155.812601154], [582769.2466426014, 6061155.240384142], [582771.569825038, 6061150.610349924], [582764.633547646, 6061147.648080095]]]}}, {"type": "Feature", "properties": {"id": "vok_nw-31-14", "kind": "plot", "zone": "vok_nw", "storeys": 2, "source": "1842 plan of Vilnius (Polona, public domain), traced; plots split at ~13 m frontage (conjecture)", "grade": "B-block/C-plot"}, "geometry": {"type": "Polygon", "coordinates": [[[582763.1715008521, 6061121.594606564], [582771.3348960434, 6061117.039408611], [582771.2511500505, 6061114.961214137], [582762.7463757514, 6061107.966668617], [582756.9272986496, 6061118.6737704845], [582763.1715008521, 6061121.594606564]]]}}, {"type": "Feature", "properties": {"id": "vok_nw-31-15", "kind": "plot", "zone": "vok_nw", "storeys": 3, "source": "1842 plan of Vilnius (Polona, public domain), traced; plots split at ~13 m frontage (conjecture)", "grade": "B-block/C-plot"}, "geometry": {"type": "Polygon", "coordinates": [[[582771.3348960434, 6061117.039408611], [582774.0081107091, 6061119.43699308], [582777.1133827756, 6061119.119419546], [582779.3717950126, 6061116.760476055], [582780.7904107578, 6061116.781477663], [582783.2768932938, 6061117.92921687], [582783.5797360265, 6061107.499207464], [582781.0260369605, 6061106.050756539], [582777.2239639572, 6061105.9949739585], [582771.2511500505, 6061114.961214137], [582771.3348960434, 6061117.039408611]]]}}, {"type": "Feature", "properties": {"id": "vok_nw-31-16", "kind": "plot", "zone": "vok_nw", "storeys": 2, "source": "1842 plan of Vilnius (Polona, public domain), traced; plots split at ~13 m frontage (conjecture)", "grade": "B-block/C-plot"}, "geometry": {"type": "Polygon", "coordinates": [[[582764.5964195003, 6061133.266085641], [582774.9334239088, 6061129.783463605], [582776.5904850925, 6061126.567540909], [582771.270834926, 6061123.844285585], [582771.1758411191, 6061122.356411298], [582772.4270069102, 6061121.036616068], [582773.0146036019, 6061119.708673977], [582774.0081107091, 6061119.43699308], [582771.3348960434, 6061117.039408611], [582763.1715008521, 6061121.594606564], [582763.1442060606, 6061132.823366697], [582764.5964195003, 6061133.266085641]]]}}, {"type": "Feature", "properties": {"id": "vok_nw-31-17", "kind": "plot", "zone": "vok_nw", "storeys": 2, "source": "1842 plan of Vilnius (Polona, public domain), traced; plots split at ~13 m frontage (conjecture)", "grade": "B-block/C-plot"}, "geometry": {"type": "Polygon", "coordinates": [[[582771.569825038, 6061150.610349924], [582772.5061717568, 6061147.637113382], [582773.4289123329, 6061146.4562998405], [582773.4356380397, 6061145.519487233], [582771.5220742384, 6061142.584645386], [582768.8790904356, 6061141.088741004], [582764.633547646, 6061147.648080095], [582771.569825038, 6061150.610349924]]]}}, {"type": "Feature", "properties": {"id": "vok_nw-31-18", "kind": "plot", "zone": "vok_nw", "storeys": 3, "source": "1842 plan of Vilnius (Polona, public domain), traced; plots split at ~13 m frontage (conjecture)", "grade": "B-block/C-plot"}, "geometry": {"type": "Polygon", "coordinates": [[[582777.3140928398, 6061134.856335124], [582775.2243530342, 6061141.408117678], [582779.1056976881, 6061142.938931829], [582780.5368959464, 6061142.883341539], [582782.0365393091, 6061141.670873632], [582785.0477089803, 6061136.554666691], [582777.3140928398, 6061134.856335124]]]}}, {"type": "Feature", "properties": {"id": "vok_nw-31-19", "kind": "plot", "zone": "vok_nw", "storeys": 3, "source": "1842 plan of Vilnius (Polona, public domain), traced; plots split at ~13 m frontage (conjecture)", "grade": "B-block/C-plot"}, "geometry": {"type": "Polygon", "coordinates": [[[582764.5964195003, 6061133.266085641], [582767.4325436914, 6061137.787817248], [582771.9611792475, 6061139.498950564], [582775.2243530342, 6061141.408117678], [582777.3140928398, 6061134.856335124], [582774.9334239088, 6061129.783463605], [582764.5964195003, 6061133.266085641]]]}}, {"type": "Feature", "properties": {"id": "vok_nw-31-20", "kind": "plot", "zone": "vok_nw", "storeys": 3, "source": "1842 plan of Vilnius (Polona, public domain), traced; plots split at ~13 m frontage (conjecture)", "grade": "B-block/C-plot"}, "geometry": {"type": "Polygon", "coordinates": [[[582777.2239639572, 6061105.9949739585], [582781.0260369605, 6061106.050756539], [582784.5149055095, 6061097.095259003], [582781.8075913629, 6061093.436425012], [582772.6843181081, 6061100.009593371], [582777.2239639572, 6061105.9949739585]]]}}, {"type": "Feature", "properties": {"id": "vok_nw-31-21", "kind": "plot", "zone": "vok_nw", "storeys": 2, "source": "1842 plan of Vilnius (Polona, public domain), traced; plots split at ~13 m frontage (conjecture)", "grade": "B-block/C-plot"}, "geometry": {"type": "Polygon", "coordinates": [[[582771.2511500505, 6061114.961214137], [582777.2239639572, 6061105.9949739585], [582772.6843181081, 6061100.009593371], [582769.0484993462, 6061103.441996139], [582765.8206360729, 6061104.588234727], [582764.7072179174, 6061106.265783859], [582762.7463757514, 6061107.966668617], [582771.2511500505, 6061114.961214137]]]}}, {"type": "Feature", "properties": {"id": "vok_nw-31-22", "kind": "plot", "zone": "vok_nw", "storeys": 3, "source": "1842 plan of Vilnius (Polona, public domain), traced; plots split at ~13 m frontage (conjecture)", "grade": "B-block/C-plot"}, "geometry": {"type": "Polygon", "coordinates": [[[582774.9334239088, 6061129.783463605], [582777.3140928398, 6061134.856335124], [582785.0477089803, 6061136.554666691], [582785.7111736514, 6061133.880877232], [582785.5581059316, 6061132.022953385], [582784.1674043952, 6061130.220796322], [582776.5904850925, 6061126.567540909], [582774.9334239088, 6061129.783463605]]]}}, {"type": "Feature", "properties": {"id": "vok_nw-31-23", "kind": "plot", "zone": "vok_nw", "storeys": 2, "source": "1842 plan of Vilnius (Polona, public domain), traced; plots split at ~13 m frontage (conjecture)", "grade": "B-block/C-plot"}, "geometry": {"type": "Polygon", "coordinates": [[[582784.5149055095, 6061097.095259003], [582790.0, 6061097.095259003], [582789.9925777968, 6061090.00716279], [582789.187427356, 6061088.822990068], [582788.0280021137, 6061088.732394032], [582785.9755874726, 6061089.871092874], [582784.2434391647, 6061091.7459038785], [582781.8075913629, 6061093.436425012], [582784.5149055095, 6061097.095259003]]]}}, {"type": "Feature", "properties": {"id": "vok_nw-31-24", "kind": "plot", "zone": "vok_nw", "storeys": 3, "source": "1842 plan of Vilnius (Polona, public domain), traced; plots split at ~13 m frontage (conjecture)", "grade": "B-block/C-plot"}, "geometry": {"type": "Polygon", "coordinates": [[[582783.5797360265, 6061107.499207464], [582783.2768932938, 6061117.92921687], [582784.6452385631, 6061118.458818336], [582786.4240949078, 6061118.278105143], [582789.1412400379, 6061116.097883966], [582789.9433171194, 6061114.908455252], [582790.0, 6061107.499207464], [582783.5797360265, 6061107.499207464]]]}}, {"type": "Feature", "properties": {"id": "vok_nw-31-25", "kind": "plot", "zone": "vok_nw", "storeys": 2, "source": "1842 plan of Vilnius (Polona, public domain), traced; plots split at ~13 m frontage (conjecture)", "grade": "B-block/C-plot"}, "geometry": {"type": "Polygon", "coordinates": [[[582784.5149055095, 6061097.095259003], [582781.0260369605, 6061106.050756539], [582783.5797360265, 6061107.499207464], [582790.0, 6061107.499207464], [582790.0, 6061097.095259003], [582784.5149055095, 6061097.095259003]]]}}, {"type": "Feature", "properties": {"id": "vok_nw-32-0", "kind": "plot", "zone": "vok_nw", "storeys": 3, "source": "1842 plan of Vilnius (Polona, public domain), traced; plots split at ~13 m frontage (conjecture)", "grade": "B-block/C-plot"}, "geometry": {"type": "Polygon", "coordinates": [[[582780.0, 6061155.457854846], [582780.1101215658, 6061156.787954228], [582780.9871494157, 6061157.883461236], [582783.1979784278, 6061158.511509505], [582784.397982923, 6061159.550923705], [582786.6165907643, 6061160.439332207], [582788.5857747624, 6061160.322881896], [582789.9354105036, 6061158.814106672], [582790.0, 6061153.667309383], [582780.0, 6061155.457854846]]]}}, {"type": "Feature", "properties": {"id": "vok_nw-32-1", "kind": "plot", "zone": "vok_nw", "storeys": 3, "source": "1842 plan of Vilnius (Polona, public domain), traced; plots split at ~13 m frontage (conjecture)", "grade": "B-block/C-plot"}, "geometry": {"type": "Polygon", "coordinates": [[[582790.0, 6061153.667309383], [582790.0, 6061152.635196747], [582783.8109715851, 6061148.782098993], [582780.0, 6061155.457854846], [582790.0, 6061153.667309383]]]}}, {"type": "Feature", "properties": {"id": "vok_nw-32-2", "kind": "plot", "zone": "vok_nw", "storeys": 2, "source": "1842 plan of Vilnius (Polona, public domain), traced; plots split at ~13 m frontage (conjecture)", "grade": "B-block/C-plot"}, "geometry": {"type": "Polygon", "coordinates": [[[582790.0, 6061152.635196747], [582789.9700059824, 6061145.056443544], [582789.3084657461, 6061144.091429748], [582788.1550595808, 6061143.89511029], [582784.845107807, 6061147.1453814125], [582783.8109715851, 6061148.782098993], [582790.0, 6061152.635196747]]]}}, {"type": "Feature", "properties": {"id": "vok_nw-33-0", "kind": "plot", "zone": "vok_nw", "storeys": 2, "source": "1842 plan of Vilnius (Polona, public domain), traced; plots split at ~13 m frontage (conjecture)", "grade": "B-block/C-plot"}, "geometry": {"type": "Polygon", "coordinates": [[[582785.8443832402, 6061174.653257511], [582782.431829582, 6061169.851543717], [582782.1279889548, 6061171.482959418], [582780.013585023, 6061175.312989176], [582780.2268829537, 6061176.829928213], [582779.5699200996, 6061178.480194664], [582779.9032380449, 6061179.4429517845], [582781.2916874358, 6061180.0], [582785.8443832402, 6061174.653257511]]]}}, {"type": "Feature", "properties": {"id": "vok_nw-33-1", "kind": "plot", "zone": "vok_nw", "storeys": 2, "source": "1842 plan of Vilnius (Polona, public domain), traced; plots split at ~13 m frontage (conjecture)", "grade": "B-block/C-plot"}, "geometry": {"type": "Polygon", "coordinates": [[[582785.8443832402, 6061174.653257511], [582790.0, 6061175.790864268], [582789.8127539536, 6061170.845025508], [582789.16561678, 6061170.2265206985], [582787.245635337, 6061169.524069675], [582782.8720706729, 6061169.45191211], [582782.431829582, 6061169.851543717], [582785.8443832402, 6061174.653257511]]]}}, {"type": "Feature", "properties": {"id": "vok_nw-33-2", "kind": "plot", "zone": "vok_nw", "storeys": 2, "source": "1842 plan of Vilnius (Polona, public domain), traced; plots split at ~13 m frontage (conjecture)", "grade": "B-block/C-plot"}, "geometry": {"type": "Polygon", "coordinates": [[[582785.8443832402, 6061174.653257511], [582781.2916874358, 6061180.0], [582788.6470257104, 6061179.99277709], [582789.65951568, 6061179.451589926], [582789.99277709, 6061178.647025711], [582790.0, 6061175.790864268], [582785.8443832402, 6061174.653257511]]]}}, {"type": "Feature", "properties": {"id": "vok_nw-34-0", "kind": "plot", "zone": "vok_nw", "storeys": 2, "source": "1842 plan of Vilnius (Polona, public domain), traced; plots split at ~13 m frontage (conjecture)", "grade": "B-block/C-plot"}, "geometry": {"type": "Polygon", "coordinates": [[[582724.1020318894, 6061100.682822443], [582723.441412035, 6061095.089843106], [582721.8496979047, 6061095.185024928], [582717.6525090798, 6061093.091607197], [582716.2665166396, 6061093.52240659], [582715.2498623034, 6061095.104414831], [582715.7113014765, 6061096.456113119], [582722.4098055995, 6061101.691955737], [582724.1020318894, 6061100.682822443]]]}}, {"type": "Feature", "properties": {"id": "vok_nw-34-1", "kind": "plot", "zone": "vok_nw", "storeys": 2, "source": "1842 plan of Vilnius (Polona, public domain), traced; plots split at ~13 m frontage (conjecture)", "grade": "B-block/C-plot"}, "geometry": {"type": "Polygon", "coordinates": [[[582724.1020318894, 6061100.682822443], [582729.2933112949, 6061099.499354433], [582730.3617606494, 6061097.981401502], [582725.9909205523, 6061094.593806437], [582723.441412035, 6061095.089843106], [582724.1020318894, 6061100.682822443]]]}}, {"type": "Feature", "properties": {"id": "vok_nw-34-2", "kind": "plot", "zone": "vok_nw", "storeys": 2, "source": "1842 plan of Vilnius (Polona, public domain), traced; plots split at ~13 m frontage (conjecture)", "grade": "B-block/C-plot"}, "geometry": {"type": "Polygon", "coordinates": [[[582728.8663125883, 6061105.576115329], [582729.2933112949, 6061099.499354433], [582724.1020318894, 6061100.682822443], [582722.4098055995, 6061101.691955737], [582722.1157817646, 6061103.096236251], [582722.4074386575, 6061104.045008634], [582727.2224035998, 6061107.755267331], [582728.8663125883, 6061105.576115329]]]}}, {"type": "Feature", "properties": {"id": "vok_nw-34-3", "kind": "plot", "zone": "vok_nw", "storeys": 2, "source": "1842 plan of Vilnius (Polona, public domain), traced; plots split at ~13 m frontage (conjecture)", "grade": "B-block/C-plot"}, "geometry": {"type": "Polygon", "coordinates": [[[582729.2933112949, 6061099.499354433], [582728.8663125883, 6061105.576115329], [582737.6152882209, 6061105.611838658], [582737.9168304224, 6061104.64939227], [582737.4588372268, 6061103.627839452], [582730.3617606494, 6061097.981401502], [582729.2933112949, 6061099.499354433]]]}}, {"type": "Feature", "properties": {"id": "vok_nw-34-4", "kind": "plot", "zone": "vok_nw", "storeys": 3, "source": "1842 plan of Vilnius (Polona, public domain), traced; plots split at ~13 m frontage (conjecture)", "grade": "B-block/C-plot"}, "geometry": {"type": "Polygon", "coordinates": [[[582728.8663125883, 6061105.576115329], [582727.2224035998, 6061107.755267331], [582732.5274386366, 6061111.434294399], [582733.722600938, 6061110.935885358], [582737.6152882209, 6061105.611838658], [582728.8663125883, 6061105.576115329]]]}}, {"type": "Feature", "properties": {"id": "vok_nw-35-0", "kind": "plot", "zone": "vok_nw", "storeys": 2, "source": "1842 plan of Vilnius (Polona, public domain), traced; plots split at ~13 m frontage (conjecture)", "grade": "B-block/C-plot"}, "geometry": {"type": "Polygon", "coordinates": [[[582710.0234416815, 6061127.197268745], [582713.8627088465, 6061121.793865538], [582705.7791419782, 6061116.038628748], [582700.2170427412, 6061118.690203583], [582710.0234416815, 6061127.197268745]]]}}, {"type": "Feature", "properties": {"id": "vok_nw-35-1", "kind": "plot", "zone": "vok_nw", "storeys": 2, "source": "1842 plan of Vilnius (Polona, public domain), traced; plots split at ~13 m frontage (conjecture)", "grade": "B-block/C-plot"}, "geometry": {"type": "Polygon", "coordinates": [[[582709.5510454304, 6061129.55929238], [582710.0234416815, 6061127.197268745], [582700.0, 6061118.690203583], [582700.0, 6061129.55929238], [582709.5510454304, 6061129.55929238]]]}}, {"type": "Feature", "properties": {"id": "vok_nw-35-2", "kind": "plot", "zone": "vok_nw", "storeys": 2, "source": "1842 plan of Vilnius (Polona, public domain), traced; plots split at ~13 m frontage (conjecture)", "grade": "B-block/C-plot"}, "geometry": {"type": "Polygon", "coordinates": [[[582700.2170427412, 6061118.690203583], [582705.7791419782, 6061116.038628748], [582705.5961779245, 6061115.147278621], [582706.9355663415, 6061112.980156244], [582700.0, 6061110.2289420515], [582700.2170427412, 6061118.690203583]]]}}, {"type": "Feature", "properties": {"id": "vok_nw-35-3", "kind": "plot", "zone": "vok_nw", "storeys": 2, "source": "1842 plan of Vilnius (Polona, public domain), traced; plots split at ~13 m frontage (conjecture)", "grade": "B-block/C-plot"}, "geometry": {"type": "Polygon", "coordinates": [[[582713.1107753449, 6061146.814752195], [582712.6702429868, 6061146.525101109], [582709.581501262, 6061149.884106455], [582707.9219029878, 6061150.0], [582705.2140855046, 6061148.970137078], [582702.119605774, 6061146.775918377], [582701.0955767818, 6061146.697514846], [582700.0297994748, 6061147.844459942], [582700.0699015387, 6061150.940951851], [582700.7170324742, 6061151.767821293], [582707.5287237264, 6061155.936317638], [582713.1107753449, 6061146.814752195]]]}}, {"type": "Feature", "properties": {"id": "vok_nw-35-4", "kind": "plot", "zone": "vok_nw", "storeys": 2, "source": "1842 plan of Vilnius (Polona, public domain), traced; plots split at ~13 m frontage (conjecture)", "grade": "B-block/C-plot"}, "geometry": {"type": "Polygon", "coordinates": [[[582717.1731367675, 6061135.874555368], [582714.9246092928, 6061133.03761196], [582710.4196827218, 6061131.594105299], [582707.4339161877, 6061138.776184972], [582710.6645481148, 6061140.222912504], [582711.6896944297, 6061141.2155988915], [582714.2547999787, 6061141.698185001], [582717.1731367675, 6061135.874555368]]]}}, {"type": "Feature", "properties": {"id": "vok_nw-35-5", "kind": "plot", "zone": "vok_nw", "storeys": 3, "source": "1842 plan of Vilnius (Polona, public domain), traced; plots split at ~13 m frontage (conjecture)", "grade": "B-block/C-plot"}, "geometry": {"type": "Polygon", "coordinates": [[[582710.4196827218, 6061131.594105299], [582709.5510454304, 6061129.55929238], [582700.0, 6061129.55929238], [582700.111106797, 6061135.708176424], [582700.903641779, 6061136.517985651], [582707.4339161877, 6061138.776184972], [582710.4196827218, 6061131.594105299]]]}}, {"type": "Feature", "properties": {"id": "vok_nw-35-6", "kind": "plot", "zone": "vok_nw", "storeys": 3, "source": "1842 plan of Vilnius (Polona, public domain), traced; plots split at ~13 m frontage (conjecture)", "grade": "B-block/C-plot"}, "geometry": {"type": "Polygon", "coordinates": [[[582706.9355663415, 6061112.980156244], [582707.8089920493, 6061111.37789373], [582707.4077987531, 6061110.066485644], [582702.2273274892, 6061105.696372024], [582701.2224423063, 6061105.534141989], [582700.4455634382, 6061105.941391433], [582700.0073308327, 6061106.860121533], [582700.0, 6061110.2289420515], [582706.9355663415, 6061112.980156244]]]}}, {"type": "Feature", "properties": {"id": "vok_nw-35-7", "kind": "plot", "zone": "vok_nw", "storeys": 2, "source": "1842 plan of Vilnius (Polona, public domain), traced; plots split at ~13 m frontage (conjecture)", "grade": "B-block/C-plot"}, "geometry": {"type": "Polygon", "coordinates": [[[582710.0234416815, 6061127.197268745], [582709.5510454304, 6061129.55929238], [582710.4196827218, 6061131.594105299], [582714.9246092928, 6061133.03761196], [582722.9266612196, 6061128.234053953], [582713.8627088465, 6061121.793865538], [582710.0234416815, 6061127.197268745]]]}}, {"type": "Feature", "properties": {"id": "vok_nw-35-8", "kind": "plot", "zone": "vok_nw", "storeys": 2, "source": "1842 plan of Vilnius (Polona, public domain), traced; plots split at ~13 m frontage (conjecture)", "grade": "B-block/C-plot"}, "geometry": {"type": "Polygon", "coordinates": [[[582713.1107753449, 6061146.814752195], [582707.5287237264, 6061155.936317638], [582709.9014567103, 6061157.315907261], [582710.8878510501, 6061157.241940752], [582711.5402171601, 6061156.693728159], [582715.9822531828, 6061148.338718682], [582713.1107753449, 6061146.814752195]]]}}, {"type": "Feature", "properties": {"id": "vok_nw-35-9", "kind": "plot", "zone": "vok_nw", "storeys": 3, "source": "1842 plan of Vilnius (Polona, public domain), traced; plots split at ~13 m frontage (conjecture)", "grade": "B-block/C-plot"}, "geometry": {"type": "Polygon", "coordinates": [[[582717.1731367675, 6061135.874555368], [582714.2547999787, 6061141.698185001], [582714.7241194381, 6061142.238585234], [582714.699330458, 6061143.528835153], [582712.6702429868, 6061146.525101109], [582715.9822531828, 6061148.338718682], [582721.405246072, 6061138.120643659], [582717.1731367675, 6061135.874555368]]]}}, {"type": "Feature", "properties": {"id": "vok_nw-35-10", "kind": "plot", "zone": "vok_nw", "storeys": 2, "source": "1842 plan of Vilnius (Polona, public domain), traced; plots split at ~13 m frontage (conjecture)", "grade": "B-block/C-plot"}, "geometry": {"type": "Polygon", "coordinates": [[[582714.9246092928, 6061133.03761196], [582717.1731367675, 6061135.874555368], [582721.405246072, 6061138.120643659], [582725.0760949973, 6061131.189228869], [582725.1311333072, 6061130.200982657], [582722.9266612196, 6061128.234053953], [582714.9246092928, 6061133.03761196]]]}}, {"type": "Feature", "properties": {"id": "vok_nw-36-0", "kind": "plot", "zone": "vok_nw", "storeys": 2, "source": "1842 plan of Vilnius (Polona, public domain), traced; plots split at ~13 m frontage (conjecture)", "grade": "B-block/C-plot"}, "geometry": {"type": "Polygon", "coordinates": [[[582719.0199213334, 6061074.333481817], [582718.79496491, 6061072.805215332], [582714.4568281776, 6061068.546510363], [582713.054637768, 6061068.536378059], [582711.4735115309, 6061069.956370094], [582711.2532040376, 6061070.817236217], [582711.5586512163, 6061071.651698854], [582716.3088355168, 6061075.682964304], [582717.8151468707, 6061075.725135194], [582719.0199213334, 6061074.333481817]]]}}, {"type": "Feature", "properties": {"id": "vok_nw-37-0", "kind": "plot", "zone": "vok_nw", "storeys": 2, "source": "1842 plan of Vilnius (Polona, public domain), traced; plots split at ~13 m frontage (conjecture)", "grade": "B-block/C-plot"}, "geometry": {"type": "Polygon", "coordinates": [[[582702.2848965946, 6061170.579125466], [582700.7676561231, 6061170.548307924], [582700.0069687447, 6061171.712959199], [582700.0293819737, 6061178.314791816], [582700.5583804991, 6061179.186982453], [582701.3743073076, 6061179.514079999], [582702.6818349519, 6061178.943079557], [582705.8050404269, 6061173.68564774], [582705.3296890485, 6061172.483150563], [582702.2848965946, 6061170.579125466]]]}}]}